{
	"ultrawarm": false,
	"natural": true,
	"piglin_safe": false,
	"respawn_anchor_works": false,
	"bed_works": true,
	"has_raids": true,
	"has_skylight": true,
	"has_ceiling": false,
	"coordinate_scale": 1,
	"ambient_light": 0,
	"logical_height": 1088,
	"effects": "minecraft:overworld",
	"infiniburn": "#minecraft:infiniburn_overworld",
	"min_y": -1024,
	"height": 2048,
	"monster_spawn_light_level": {
		"type": "minecraft:uniform",
		"min_inclusive": 0,
		"max_inclusive": 7
	},
	"monster_spawn_block_light_limit": 0
}
