{
	"credit": "Made with Blockbench",
	"ambientocclusion": false,
	"textures": {
		"lower": "block/acacia_door_bottom",
		"particle": "block/acacia_door_top",
		"main": "block/acacia_door_top"
	},
	"elements": [
		{
			"from": [0, 13, 3],
			"to": [3, 16, 5],
			"faces": {
				"east": {"uv": [5, 0, 3, 3], "texture": "#main"},
				"west": {"uv": [3, 0, 5, 3], "texture": "#main", "cullface": "west"},
				"up": {"uv": [13, 3, 16, 5], "texture": "#lower", "cullface": "up"},
				"down": {"uv": [13, 5, 16, 3], "texture": "#lower"}
			}
		},
		{
			"from": [0, 13, 7],
			"to": [3, 16, 9],
			"faces": {
				"east": {"uv": [9, 0, 7, 3], "texture": "#main"},
				"west": {"uv": [7, 0, 9, 3], "texture": "#main", "cullface": "west"},
				"up": {"uv": [13, 7, 16, 9], "texture": "#lower", "cullface": "up"},
				"down": {"uv": [13, 9, 16, 7], "texture": "#lower"}
			}
		},
		{
			"from": [0, 13, 11],
			"to": [3, 16, 13],
			"faces": {
				"east": {"uv": [13, 0, 11, 3], "texture": "#main"},
				"west": {"uv": [11, 0, 13, 3], "texture": "#main", "cullface": "west"},
				"up": {"uv": [13, 11, 16, 13], "texture": "#lower", "cullface": "up"},
				"down": {"uv": [13, 13, 16, 11], "texture": "#lower"}
			}
		},
		{
			"from": [0, 13, 5],
			"to": [3, 16, 7],
			"faces": {
				"east": {"uv": [7, 0, 5, 3], "texture": "#main"},
				"west": {"uv": [5, 0, 7, 3], "texture": "#main", "cullface": "west"},
				"up": {"uv": [13, 5, 16, 7], "texture": "#lower", "cullface": "up"}
			}
		},
		{
			"from": [0, 13, 9],
			"to": [3, 16, 11],
			"faces": {
				"east": {"uv": [11, 0, 9, 3], "texture": "#main"},
				"west": {"uv": [9, 0, 11, 3], "texture": "#main", "cullface": "west"},
				"up": {"uv": [13, 9, 16, 11], "texture": "#lower", "cullface": "up"}
			}
		},
		{
			"from": [0, 0, 11],
			"to": [3, 1, 13],
			"faces": {
				"east": {"uv": [13, 15, 11, 16], "texture": "#main"},
				"west": {"uv": [11, 15, 13, 16], "texture": "#main", "cullface": "west"},
				"up": {"uv": [13, 11, 16, 13], "texture": "#lower"}
			}
		},
		{
			"from": [0, 0, 9],
			"to": [3, 1, 11],
			"faces": {
				"east": {"uv": [11, 15, 9, 16], "texture": "#main"},
				"west": {"uv": [9, 15, 11, 16], "texture": "#main", "cullface": "west"}
			}
		},
		{
			"from": [0, 0, 7],
			"to": [3, 1, 9],
			"faces": {
				"east": {"uv": [9, 15, 7, 16], "texture": "#main"},
				"west": {"uv": [7, 15, 9, 16], "texture": "#main", "cullface": "west"},
				"up": {"uv": [13, 7, 16, 9], "texture": "#lower"}
			}
		},
		{
			"from": [0, 0, 5],
			"to": [3, 1, 7],
			"faces": {
				"east": {"uv": [7, 15, 5, 16], "texture": "#main"},
				"west": {"uv": [5, 15, 7, 16], "texture": "#main", "cullface": "west"}
			}
		},
		{
			"from": [0, 0, 3],
			"to": [3, 1, 5],
			"faces": {
				"east": {"uv": [5, 15, 3, 16], "texture": "#main"},
				"west": {"uv": [3, 15, 5, 16], "texture": "#main", "cullface": "west"},
				"up": {"uv": [13, 3, 16, 5], "texture": "#lower"}
			}
		},
		{
			"from": [0, 10, 13],
			"to": [1, 13, 16],
			"faces": {
				"north": {"uv": [0, 7, 1, 10], "texture": "#main"},
				"south": {"uv": [0, 1, 1, 4], "texture": "#main", "cullface": "south"},
				"west": {"uv": [13, 3, 16, 6], "texture": "#main", "cullface": "west"}
			}
		},
		{
			"from": [0, 10, 9],
			"to": [1, 13, 11],
			"faces": {
				"north": {"uv": [0, 7, 1, 10], "texture": "#main"},
				"south": {"uv": [0, 1, 1, 4], "texture": "#main"},
				"west": {"uv": [9, 3, 11, 6], "texture": "#main", "cullface": "west"}
			}
		},
		{
			"from": [0, 10, 5],
			"to": [1, 13, 7],
			"faces": {
				"north": {"uv": [0, 7, 1, 10], "texture": "#main"},
				"south": {"uv": [0, 1, 1, 4], "texture": "#main"},
				"west": {"uv": [5, 3, 7, 6], "texture": "#main", "cullface": "west"}
			}
		},
		{
			"from": [1, 10, 13],
			"to": [3, 13, 16],
			"faces": {
				"north": {"uv": [3, 3, 1, 6], "texture": "#main"},
				"east": {"uv": [16, 3, 13, 6], "texture": "#main"},
				"south": {"uv": [1, 3, 3, 6], "texture": "#main", "cullface": "south"}
			}
		},
		{
			"from": [1, 10, 9],
			"to": [3, 13, 11],
			"faces": {
				"north": {"uv": [3, 3, 1, 6], "texture": "#main"},
				"east": {"uv": [11, 3, 9, 6], "texture": "#main"},
				"south": {"uv": [1, 3, 3, 6], "texture": "#main"}
			}
		},
		{
			"from": [1, 10, 5],
			"to": [3, 13, 7],
			"faces": {
				"north": {"uv": [3, 3, 1, 6], "texture": "#main"},
				"east": {"uv": [7, 3, 5, 6], "texture": "#main"},
				"south": {"uv": [1, 3, 3, 6], "texture": "#main"}
			}
		},
		{
			"from": [0, 1, 13],
			"to": [3, 10, 16],
			"faces": {
				"north": {"uv": [3, 6, 0, 15], "texture": "#main"},
				"east": {"uv": [16, 6, 13, 15], "texture": "#main"},
				"south": {"uv": [0, 6, 3, 15], "texture": "#main", "cullface": "south"},
				"west": {"uv": [13, 6, 16, 15], "texture": "#main", "cullface": "west"}
			}
		},
		{
			"from": [0, 1, 9],
			"to": [3, 10, 11],
			"faces": {
				"north": {"uv": [3, 6, 0, 15], "texture": "#main"},
				"east": {"uv": [11, 6, 9, 15], "texture": "#main"},
				"south": {"uv": [0, 6, 3, 15], "texture": "#main"},
				"west": {"uv": [9, 6, 11, 15], "texture": "#main", "cullface": "west"}
			}
		},
		{
			"from": [0, 1, 5],
			"to": [3, 10, 7],
			"faces": {
				"north": {"uv": [3, 6, 0, 15], "texture": "#main"},
				"east": {"uv": [7, 6, 5, 15], "texture": "#main"},
				"south": {"uv": [0, 6, 3, 15], "texture": "#main"},
				"west": {"uv": [5, 6, 7, 15], "texture": "#main", "cullface": "west"}
			}
		},
		{
			"from": [0, 0, 13],
			"to": [1, 1, 16],
			"faces": {
				"south": {"uv": [0, 15, 1, 14], "texture": "#main", "cullface": "south"},
				"west": {"uv": [13, 15, 16, 16], "texture": "#main", "cullface": "west"}
			}
		},
		{
			"from": [1, 0, 13],
			"to": [3, 1, 16],
			"faces": {
				"east": {"uv": [16, 15, 13, 16], "texture": "#main"},
				"south": {"uv": [1, 15, 3, 16], "texture": "#main", "cullface": "south"}
			}
		},
		{
			"from": [0, 0, 0],
			"to": [3, 1, 3],
			"faces": {
				"north": {"uv": [3, 15, 0, 16], "texture": "#main", "cullface": "north"},
				"east": {"uv": [3, 15, 0, 16], "texture": "#main"},
				"west": {"uv": [0, 15, 3, 16], "texture": "#main", "cullface": "west"}
			}
		},
		{
			"from": [1, 13, 0],
			"to": [2, 16, 1],
			"faces": {
				"north": {"uv": [2, 0, 1, 3], "texture": "#main", "cullface": "north"},
				"up": {"uv": [13, 0, 14, 1], "texture": "#lower", "cullface": "up"}
			}
		},
		{
			"from": [0, 13, 0],
			"to": [1, 16, 1],
			"faces": {
				"north": {"uv": [1, 0, 0, 3], "texture": "#main", "cullface": "north"},
				"west": {"uv": [0, 0, 1, 3], "texture": "#main", "cullface": "west"},
				"up": {"uv": [13, 0, 14, 1], "texture": "#lower", "cullface": "up"}
			}
		},
		{
			"from": [2, 13, 0],
			"to": [3, 16, 1],
			"faces": {
				"north": {"uv": [3, 0, 2, 3], "texture": "#main", "cullface": "north"},
				"east": {"uv": [1, 0, 0, 3], "texture": "#main"},
				"up": {"uv": [15, 0, 16, 1], "texture": "#lower", "cullface": "up"}
			}
		},
		{
			"from": [0, 13, 1],
			"to": [3, 16, 3],
			"faces": {
				"east": {"uv": [3, 0, 1, 3], "texture": "#main"},
				"west": {"uv": [1, 0, 3, 3], "texture": "#main", "cullface": "west"},
				"up": {"uv": [13, 1, 16, 3], "texture": "#lower", "cullface": "up"}
			}
		},
		{
			"from": [0, 13, 13],
			"to": [3, 16, 16],
			"faces": {
				"east": {"uv": [16, 0, 13, 3], "texture": "#main"},
				"south": {"uv": [0, 0, 3, 3], "texture": "#main", "cullface": "south"},
				"west": {"uv": [13, 0, 16, 3], "texture": "#main", "cullface": "west"},
				"up": {"uv": [13, 13, 16, 16], "texture": "#lower", "cullface": "up"}
			}
		},
		{
			"from": [0, 1, 0],
			"to": [3, 10, 3],
			"faces": {
				"north": {"uv": [3, 6, 0, 15], "texture": "#main", "cullface": "north"},
				"east": {"uv": [3, 6, 0, 15], "texture": "#main"},
				"south": {"uv": [0, 6, 3, 15], "texture": "#main"},
				"west": {"uv": [0, 6, 3, 15], "texture": "#main", "cullface": "west"}
			}
		},
		{
			"from": [1, 10, 0],
			"to": [3, 13, 3],
			"faces": {
				"north": {"uv": [3, 3, 1, 6], "texture": "#main", "cullface": "north"},
				"east": {"uv": [3, 3, 0, 6], "texture": "#main"},
				"south": {"uv": [1, 3, 3, 6], "texture": "#main"}
			}
		},
		{
			"from": [0, 10, 0],
			"to": [1, 13, 3],
			"faces": {
				"north": {"uv": [1, 3, 0, 6], "texture": "#main", "cullface": "north"},
				"south": {"uv": [0, 1, 1, 4], "texture": "#main"},
				"west": {"uv": [0, 3, 3, 6], "texture": "#main", "cullface": "west"}
			}
		}
	]
}