{
	"credit": "Made with Blockbench",
	"ambientocclusion": false,
	"textures": {
		"particle": "block/cherry_door_top",
		"main": "block/cherry_door_top"
	},
	"elements": [
		{
			"from": [0, 12, 11],
			"to": [3, 16, 12],
			"rotation": {"angle": 0, "axis": "y", "origin": [1.5, 8, 8]},
			"faces": {
				"east": {"uv": [4, 0, 5, 4], "texture": "#main"},
				"west": {"uv": [5, 0, 4, 4], "texture": "#main", "cullface": "west"},
				"up": {"uv": [4, 3, 5, 0], "rotation": 270, "texture": "#main", "cullface": "up"}
			}
		},
		{
			"from": [0, 12, 10],
			"to": [3, 16, 11],
			"rotation": {"angle": 0, "axis": "y", "origin": [1.5, 8, 8]},
			"faces": {
				"east": {"uv": [5, 0, 6, 4], "texture": "#main"},
				"west": {"uv": [6, 0, 5, 4], "texture": "#main", "cullface": "west"},
				"up": {"uv": [5, 3, 6, 0], "rotation": 270, "texture": "#main", "cullface": "up"},
				"down": {"uv": [5, 3, 6, 0], "rotation": 270, "texture": "#main"}
			}
		},
		{
			"from": [0, 12, 9],
			"to": [3, 16, 10],
			"rotation": {"angle": 0, "axis": "y", "origin": [1.5, 8, 8]},
			"faces": {
				"east": {"uv": [6, 0, 7, 4], "texture": "#main"},
				"west": {"uv": [7, 0, 6, 4], "texture": "#main", "cullface": "west"},
				"up": {"uv": [6, 3, 7, 0], "rotation": 270, "texture": "#main", "cullface": "up"}
			}
		},
		{
			"from": [0, 12, 8],
			"to": [3, 16, 9],
			"rotation": {"angle": 0, "axis": "y", "origin": [1.5, 8, 8]},
			"faces": {
				"east": {"uv": [7, 0, 8, 4], "texture": "#main"},
				"west": {"uv": [8, 0, 7, 4], "texture": "#main", "cullface": "west"},
				"up": {"uv": [7, 3, 8, 0], "rotation": 270, "texture": "#main", "cullface": "up"}
			}
		},
		{
			"from": [0, 12, 7],
			"to": [3, 16, 8],
			"rotation": {"angle": 0, "axis": "y", "origin": [1.5, 8, 8]},
			"faces": {
				"east": {"uv": [8, 0, 9, 4], "texture": "#main"},
				"west": {"uv": [9, 0, 8, 4], "texture": "#main", "cullface": "west"},
				"up": {"uv": [8, 3, 9, 0], "rotation": 270, "texture": "#main", "cullface": "up"}
			}
		},
		{
			"from": [0, 12, 6],
			"to": [3, 16, 7],
			"rotation": {"angle": 0, "axis": "y", "origin": [1.5, 8, 8]},
			"faces": {
				"east": {"uv": [9, 0, 10, 4], "texture": "#main"},
				"west": {"uv": [10, 0, 9, 4], "texture": "#main", "cullface": "west"},
				"up": {"uv": [9, 3, 10, 0], "rotation": 270, "texture": "#main", "cullface": "up"}
			}
		},
		{
			"from": [0, 12, 5],
			"to": [3, 16, 6],
			"rotation": {"angle": 0, "axis": "y", "origin": [1.5, 8, 8]},
			"faces": {
				"east": {"uv": [10, 0, 11, 4], "texture": "#main"},
				"west": {"uv": [11, 0, 10, 4], "texture": "#main", "cullface": "west"},
				"up": {"uv": [10, 3, 11, 0], "rotation": 270, "texture": "#main", "cullface": "up"},
				"down": {"uv": [10, 3, 11, 0], "rotation": 270, "texture": "#main"}
			}
		},
		{
			"from": [0, 12, 4],
			"to": [3, 16, 5],
			"rotation": {"angle": 0, "axis": "y", "origin": [1.5, 8, 8]},
			"faces": {
				"east": {"uv": [11, 0, 12, 4], "texture": "#main"},
				"west": {"uv": [12, 0, 11, 4], "texture": "#main", "cullface": "west"},
				"up": {"uv": [11, 3, 12, 0], "rotation": 270, "texture": "#main", "cullface": "up"}
			}
		},
		{
			"from": [2, 11, 0],
			"to": [3, 12, 4],
			"rotation": {"angle": 0, "axis": "y", "origin": [1.5, 8, 8]},
			"faces": {
				"north": {"uv": [0, 6, 1, 7], "texture": "#main", "cullface": "north"},
				"east": {"uv": [12, 4, 16, 5], "texture": "#main"}
			}
		},
		{
			"from": [0, 0, 12],
			"to": [2, 1, 16],
			"rotation": {"angle": 0, "axis": "y", "origin": [1.5, 8, 8]},
			"faces": {
				"north": {"uv": [1, 15, 3, 16], "texture": "#main"},
				"south": {"uv": [3, 15, 1, 16], "texture": "#main", "cullface": "south"},
				"west": {"uv": [4, 15, 0, 16], "texture": "#main", "cullface": "west"}
			}
		},
		{
			"from": [2, 0, 12],
			"to": [3, 1, 16],
			"rotation": {"angle": 0, "axis": "y", "origin": [1.5, 8, 8]},
			"faces": {
				"north": {"uv": [0, 14, 1, 15], "texture": "#main"},
				"east": {"uv": [0, 15, 4, 16], "texture": "#main"},
				"south": {"uv": [1, 15, 0, 16], "texture": "#main", "cullface": "south"}
			}
		},
		{
			"from": [0, 0, 0],
			"to": [2, 1, 4],
			"rotation": {"angle": 0, "axis": "y", "origin": [1.5, 8, 8]},
			"faces": {
				"north": {"uv": [1, 15, 3, 16], "texture": "#main", "cullface": "north"},
				"south": {"uv": [3, 15, 1, 16], "texture": "#main"},
				"west": {"uv": [16, 15, 12, 16], "texture": "#main", "cullface": "west"}
			}
		},
		{
			"from": [2, 0, 0],
			"to": [3, 1, 4],
			"rotation": {"angle": 0, "axis": "y", "origin": [1.5, 8, 8]},
			"faces": {
				"north": {"uv": [0, 14, 1, 15], "texture": "#main", "cullface": "north"},
				"east": {"uv": [12, 15, 16, 16], "texture": "#main"},
				"south": {"uv": [0, 14, 1, 15], "texture": "#main"}
			}
		},
		{
			"from": [2, 10, 7],
			"to": [3, 11, 9],
			"rotation": {"angle": 0, "axis": "y", "origin": [1.5, 8, 8]},
			"faces": {
				"north": {"uv": [0, 7, 1, 8], "texture": "#main"},
				"east": {"uv": [7, 5, 9, 6], "texture": "#main"},
				"south": {"uv": [0, 7, 1, 8], "texture": "#main"}
			}
		},
		{
			"from": [2, 11, 7],
			"to": [3, 12, 9],
			"rotation": {"angle": 0, "axis": "y", "origin": [1.5, 8, 8]},
			"faces": {
				"east": {"uv": [7, 4, 9, 5], "texture": "#main"}
			}
		},
		{
			"from": [2, 11, 6],
			"to": [3, 12, 7],
			"rotation": {"angle": 0, "axis": "y", "origin": [1.5, 8, 8]},
			"faces": {
				"north": {"uv": [0, 6, 1, 7], "texture": "#main"},
				"east": {"uv": [9, 4, 10, 5], "texture": "#main"},
				"down": {"uv": [9, 1, 10, 0], "rotation": 270, "texture": "#main"}
			}
		},
		{
			"from": [0, 11, 7],
			"to": [2, 12, 9],
			"rotation": {"angle": 0, "axis": "y", "origin": [1.5, 8, 8]},
			"faces": {
				"west": {"uv": [9, 4, 7, 5], "texture": "#main", "cullface": "west"}
			}
		},
		{
			"from": [0, 11, 6],
			"to": [2, 12, 7],
			"rotation": {"angle": 0, "axis": "y", "origin": [1.5, 8, 8]},
			"faces": {
				"north": {"uv": [1, 4, 3, 5], "texture": "#main"},
				"west": {"uv": [10, 4, 9, 5], "texture": "#main", "cullface": "west"},
				"down": {"uv": [9, 3, 10, 1], "rotation": 270, "texture": "#main"}
			}
		},
		{
			"from": [2, 11, 9],
			"to": [3, 12, 10],
			"rotation": {"angle": 0, "axis": "y", "origin": [1.5, 8, 8]},
			"faces": {
				"east": {"uv": [6, 4, 7, 5], "texture": "#main"},
				"south": {"uv": [0, 6, 1, 7], "texture": "#main"},
				"down": {"uv": [6, 1, 7, 0], "rotation": 270, "texture": "#main"}
			}
		},
		{
			"from": [0, 11, 9],
			"to": [2, 12, 10],
			"rotation": {"angle": 0, "axis": "y", "origin": [1.5, 8, 8]},
			"faces": {
				"south": {"uv": [3, 4, 1, 5], "texture": "#main"},
				"west": {"uv": [7, 4, 6, 5], "texture": "#main", "cullface": "west"},
				"down": {"uv": [6, 3, 7, 1], "rotation": 270, "texture": "#main"}
			}
		},
		{
			"from": [2, 11, 4],
			"to": [3, 12, 5],
			"rotation": {"angle": 0, "axis": "y", "origin": [1.5, 8, 8]},
			"faces": {
				"east": {"uv": [11, 4, 12, 5], "texture": "#main"},
				"south": {"uv": [0, 6, 1, 7], "texture": "#main"},
				"down": {"uv": [11, 1, 12, 0], "rotation": 270, "texture": "#main"}
			}
		},
		{
			"from": [0, 11, 4],
			"to": [2, 12, 5],
			"rotation": {"angle": 0, "axis": "y", "origin": [1.5, 8, 8]},
			"faces": {
				"south": {"uv": [3, 4, 1, 5], "texture": "#main"},
				"west": {"uv": [12, 4, 11, 5], "texture": "#main", "cullface": "west"},
				"down": {"uv": [11, 3, 12, 1], "rotation": 270, "texture": "#main"}
			}
		},
		{
			"from": [2, 11, 11],
			"to": [3, 12, 12],
			"rotation": {"angle": 0, "axis": "y", "origin": [1.5, 8, 8]},
			"faces": {
				"north": {"uv": [0, 6, 1, 7], "texture": "#main"},
				"east": {"uv": [4, 4, 5, 5], "texture": "#main"},
				"down": {"uv": [4, 1, 5, 0], "rotation": 180, "texture": "#main"}
			}
		},
		{
			"from": [0, 11, 11],
			"to": [2, 12, 12],
			"rotation": {"angle": 0, "axis": "y", "origin": [1.5, 8, 8]},
			"faces": {
				"north": {"uv": [1, 4, 3, 5], "texture": "#main"},
				"west": {"uv": [5, 4, 4, 5], "texture": "#main", "cullface": "west"},
				"down": {"uv": [4, 3, 5, 1], "rotation": 270, "texture": "#main"}
			}
		},
		{
			"from": [0, 10, 7],
			"to": [2, 11, 9],
			"rotation": {"angle": 0, "axis": "y", "origin": [1.5, 8, 8]},
			"faces": {
				"north": {"uv": [1, 5, 3, 6], "texture": "#main"},
				"south": {"uv": [3, 5, 1, 6], "texture": "#main"},
				"west": {"uv": [9, 5, 7, 6], "texture": "#main", "cullface": "west"}
			}
		},
		{
			"from": [0, 0, 7],
			"to": [2, 1, 9],
			"rotation": {"angle": 0, "axis": "y", "origin": [1.5, 8, 8]},
			"faces": {
				"north": {"uv": [1, 15, 3, 16], "texture": "#main"},
				"south": {"uv": [3, 15, 1, 16], "texture": "#main"},
				"west": {"uv": [9, 15, 7, 16], "texture": "#main", "cullface": "west"}
			}
		},
		{
			"from": [2, 0, 7],
			"to": [3, 1, 9],
			"rotation": {"angle": 0, "axis": "y", "origin": [1.5, 8, 8]},
			"faces": {
				"north": {"uv": [0, 14, 1, 15], "texture": "#main"},
				"east": {"uv": [7, 15, 9, 16], "texture": "#main"},
				"south": {"uv": [0, 14, 1, 15], "texture": "#main"}
			}
		},
		{
			"from": [0, 11, 0],
			"to": [2, 12, 4],
			"rotation": {"angle": 0, "axis": "y", "origin": [1.5, 8, 8]},
			"faces": {
				"north": {"uv": [1, 4, 3, 5], "texture": "#main", "cullface": "north"},
				"west": {"uv": [16, 4, 12, 5], "texture": "#main", "cullface": "west"}
			}
		},
		{
			"from": [0, 1, 0],
			"to": [3, 2, 4],
			"rotation": {"angle": 0, "axis": "y", "origin": [1.5, 8, 8]},
			"faces": {
				"north": {"uv": [0, 14, 3, 15], "texture": "#main", "cullface": "north"},
				"east": {"uv": [12, 14, 16, 15], "texture": "#main"},
				"west": {"uv": [16, 14, 12, 15], "texture": "#main", "cullface": "west"}
			}
		},
		{
			"from": [0, 12, 12],
			"to": [3, 16, 16],
			"rotation": {"angle": 0, "axis": "y", "origin": [1.5, 8, 8]},
			"faces": {
				"east": {"uv": [0, 0, 4, 4], "texture": "#main"},
				"south": {"uv": [3, 0, 0, 4], "texture": "#main", "cullface": "south"},
				"west": {"uv": [4, 0, 0, 4], "texture": "#main", "cullface": "west"},
				"up": {"uv": [0, 3, 4, 0], "rotation": 270, "texture": "#main", "cullface": "up"}
			}
		},
		{
			"from": [0, 12, 0],
			"to": [3, 16, 4],
			"rotation": {"angle": 0, "axis": "y", "origin": [1.5, 8, 8]},
			"faces": {
				"north": {"uv": [0, 0, 3, 4], "texture": "#main", "cullface": "north"},
				"east": {"uv": [12, 0, 16, 4], "texture": "#main"},
				"west": {"uv": [16, 0, 12, 4], "texture": "#main", "cullface": "west"},
				"up": {"uv": [12, 3, 16, 0], "rotation": 270, "texture": "#main", "cullface": "up"}
			}
		},
		{
			"from": [0, 1, 12],
			"to": [3, 2, 16],
			"rotation": {"angle": 0, "axis": "y", "origin": [1.5, 8, 8]},
			"faces": {
				"east": {"uv": [0, 14, 4, 15], "texture": "#main"},
				"south": {"uv": [3, 14, 0, 15], "texture": "#main", "cullface": "south"},
				"west": {"uv": [4, 14, 0, 15], "texture": "#main", "cullface": "west"}
			}
		},
		{
			"from": [0, 2, 0],
			"to": [3, 3, 4],
			"rotation": {"angle": 0, "axis": "y", "origin": [1.5, 8, 8]},
			"faces": {
				"north": {"uv": [0, 13, 3, 14], "texture": "#main", "cullface": "north"},
				"east": {"uv": [12, 13, 16, 14], "texture": "#main"},
				"west": {"uv": [16, 13, 12, 14], "texture": "#main", "cullface": "west"}
			}
		},
		{
			"from": [0, 2, 12],
			"to": [3, 3, 16],
			"rotation": {"angle": 0, "axis": "y", "origin": [1.5, 8, 8]},
			"faces": {
				"east": {"uv": [0, 13, 4, 14], "texture": "#main"},
				"south": {"uv": [3, 13, 0, 14], "texture": "#main", "cullface": "south"},
				"west": {"uv": [4, 13, 0, 14], "texture": "#main", "cullface": "west"}
			}
		},
		{
			"from": [0, 3, 0],
			"to": [3, 4, 4],
			"rotation": {"angle": 0, "axis": "y", "origin": [1.5, 8, 8]},
			"faces": {
				"north": {"uv": [0, 12, 3, 13], "texture": "#main", "cullface": "north"},
				"east": {"uv": [12, 12, 16, 13], "texture": "#main"},
				"west": {"uv": [16, 12, 12, 13], "texture": "#main", "cullface": "west"}
			}
		},
		{
			"from": [0, 3, 12],
			"to": [3, 4, 16],
			"rotation": {"angle": 0, "axis": "y", "origin": [1.5, 8, 8]},
			"faces": {
				"east": {"uv": [0, 12, 4, 13], "texture": "#main"},
				"south": {"uv": [3, 12, 0, 13], "texture": "#main", "cullface": "south"},
				"west": {"uv": [4, 12, 0, 13], "texture": "#main", "cullface": "west"}
			}
		},
		{
			"from": [0, 4, 0],
			"to": [3, 5, 4],
			"rotation": {"angle": 0, "axis": "y", "origin": [1.5, 8, 8]},
			"faces": {
				"north": {"uv": [0, 11, 3, 12], "texture": "#main", "cullface": "north"},
				"east": {"uv": [12, 11, 16, 12], "texture": "#main"},
				"west": {"uv": [16, 11, 12, 12], "texture": "#main", "cullface": "west"}
			}
		},
		{
			"from": [0, 4, 12],
			"to": [3, 5, 16],
			"rotation": {"angle": 0, "axis": "y", "origin": [1.5, 8, 8]},
			"faces": {
				"east": {"uv": [0, 11, 4, 12], "texture": "#main"},
				"south": {"uv": [3, 11, 0, 12], "texture": "#main", "cullface": "south"},
				"west": {"uv": [4, 11, 0, 12], "texture": "#main", "cullface": "west"}
			}
		},
		{
			"from": [0, 5, 0],
			"to": [3, 6, 4],
			"rotation": {"angle": 0, "axis": "y", "origin": [1.5, 8, 8]},
			"faces": {
				"north": {"uv": [0, 10, 3, 11], "texture": "#main", "cullface": "north"},
				"east": {"uv": [12, 10, 16, 11], "texture": "#main"},
				"south": {"uv": [3, 10, 0, 11], "texture": "#main"},
				"west": {"uv": [16, 10, 12, 11], "texture": "#main", "cullface": "west"}
			}
		},
		{
			"from": [0, 5, 12],
			"to": [3, 6, 16],
			"rotation": {"angle": 0, "axis": "y", "origin": [1.5, 8, 8]},
			"faces": {
				"north": {"uv": [0, 10, 3, 11], "texture": "#main"},
				"east": {"uv": [0, 10, 4, 11], "texture": "#main"},
				"south": {"uv": [3, 10, 0, 11], "texture": "#main", "cullface": "south"},
				"west": {"uv": [4, 10, 0, 11], "texture": "#main", "cullface": "west"}
			}
		},
		{
			"from": [0, 6, 0],
			"to": [3, 7, 4],
			"rotation": {"angle": 0, "axis": "y", "origin": [1.5, 8, 8]},
			"faces": {
				"north": {"uv": [0, 9, 3, 10], "texture": "#main", "cullface": "north"},
				"east": {"uv": [12, 9, 16, 10], "texture": "#main"},
				"west": {"uv": [16, 9, 12, 10], "texture": "#main", "cullface": "west"}
			}
		},
		{
			"from": [0, 6, 12],
			"to": [3, 7, 16],
			"rotation": {"angle": 0, "axis": "y", "origin": [1.5, 8, 8]},
			"faces": {
				"east": {"uv": [0, 9, 4, 10], "texture": "#main"},
				"south": {"uv": [3, 9, 0, 10], "texture": "#main", "cullface": "south"},
				"west": {"uv": [4, 9, 0, 10], "texture": "#main", "cullface": "west"}
			}
		},
		{
			"from": [0, 7, 0],
			"to": [3, 8, 4],
			"rotation": {"angle": 0, "axis": "y", "origin": [1.5, 8, 8]},
			"faces": {
				"north": {"uv": [0, 8, 3, 9], "texture": "#main", "cullface": "north"},
				"east": {"uv": [12, 8, 16, 9], "texture": "#main"},
				"west": {"uv": [16, 8, 12, 9], "texture": "#main", "cullface": "west"}
			}
		},
		{
			"from": [0, 7, 12],
			"to": [3, 8, 16],
			"rotation": {"angle": 0, "axis": "y", "origin": [1.5, 8, 8]},
			"faces": {
				"east": {"uv": [0, 8, 4, 9], "texture": "#main"},
				"south": {"uv": [3, 8, 0, 9], "texture": "#main", "cullface": "south"},
				"west": {"uv": [4, 8, 0, 9], "texture": "#main", "cullface": "west"}
			}
		},
		{
			"from": [0, 8, 0],
			"to": [3, 9, 4],
			"rotation": {"angle": 0, "axis": "y", "origin": [1.5, 8, 8]},
			"faces": {
				"north": {"uv": [0, 7, 3, 8], "texture": "#main", "cullface": "north"},
				"east": {"uv": [12, 7, 16, 8], "texture": "#main"},
				"west": {"uv": [16, 7, 12, 8], "texture": "#main", "cullface": "west"}
			}
		},
		{
			"from": [0, 8, 12],
			"to": [3, 9, 16],
			"rotation": {"angle": 0, "axis": "y", "origin": [1.5, 8, 8]},
			"faces": {
				"east": {"uv": [0, 7, 4, 8], "texture": "#main"},
				"south": {"uv": [3, 7, 0, 8], "texture": "#main", "cullface": "south"},
				"west": {"uv": [4, 7, 0, 8], "texture": "#main", "cullface": "west"}
			}
		},
		{
			"from": [0, 9, 0],
			"to": [3, 10, 4],
			"rotation": {"angle": 0, "axis": "y", "origin": [1.5, 8, 8]},
			"faces": {
				"north": {"uv": [0, 6, 3, 7], "texture": "#main", "cullface": "north"},
				"east": {"uv": [12, 6, 16, 7], "texture": "#main"},
				"west": {"uv": [16, 6, 12, 7], "texture": "#main", "cullface": "west"}
			}
		},
		{
			"from": [0, 9, 12],
			"to": [3, 10, 16],
			"rotation": {"angle": 0, "axis": "y", "origin": [1.5, 8, 8]},
			"faces": {
				"east": {"uv": [0, 6, 4, 7], "texture": "#main"},
				"south": {"uv": [3, 6, 0, 7], "texture": "#main", "cullface": "south"},
				"west": {"uv": [4, 6, 0, 7], "texture": "#main", "cullface": "west"}
			}
		},
		{
			"from": [0, 9, 11],
			"to": [3, 10, 12],
			"rotation": {"angle": 0, "axis": "y", "origin": [1.5, 8, 8]},
			"faces": {
				"north": {"uv": [0, 6, 3, 7], "texture": "#main"},
				"east": {"uv": [4, 6, 5, 7], "texture": "#main"},
				"west": {"uv": [5, 6, 4, 7], "texture": "#main", "cullface": "west"},
				"up": {"uv": [4, 3, 5, 0], "rotation": 270, "texture": "#main"}
			}
		},
		{
			"from": [0, 9, 9],
			"to": [3, 10, 10],
			"rotation": {"angle": 0, "axis": "y", "origin": [1.5, 8, 8]},
			"faces": {
				"east": {"uv": [6, 6, 7, 7], "texture": "#main"},
				"south": {"uv": [3, 6, 0, 7], "texture": "#main"},
				"west": {"uv": [7, 6, 6, 7], "texture": "#main", "cullface": "west"},
				"up": {"uv": [6, 3, 7, 0], "rotation": 270, "texture": "#main"}
			}
		},
		{
			"from": [0, 9, 7],
			"to": [3, 10, 9],
			"rotation": {"angle": 0, "axis": "y", "origin": [1.5, 8, 8]},
			"faces": {
				"east": {"uv": [7, 6, 9, 7], "texture": "#main"},
				"west": {"uv": [9, 6, 7, 7], "texture": "#main", "cullface": "west"},
				"down": {"uv": [7, 3, 9, 0], "rotation": 270, "texture": "#main"}
			}
		},
		{
			"from": [0, 9, 6],
			"to": [3, 10, 7],
			"rotation": {"angle": 0, "axis": "y", "origin": [1.5, 8, 8]},
			"faces": {
				"north": {"uv": [0, 6, 3, 7], "texture": "#main"},
				"east": {"uv": [9, 6, 10, 7], "texture": "#main"},
				"west": {"uv": [10, 6, 9, 7], "texture": "#main", "cullface": "west"},
				"up": {"uv": [9, 3, 10, 0], "rotation": 270, "texture": "#main"}
			}
		},
		{
			"from": [0, 9, 4],
			"to": [3, 10, 5],
			"rotation": {"angle": 0, "axis": "y", "origin": [1.5, 8, 8]},
			"faces": {
				"east": {"uv": [11, 6, 12, 7], "texture": "#main"},
				"south": {"uv": [3, 6, 0, 7], "texture": "#main"},
				"west": {"uv": [12, 6, 11, 7], "texture": "#main", "cullface": "west"},
				"up": {"uv": [11, 3, 12, 0], "rotation": 270, "texture": "#main"}
			}
		},
		{
			"from": [0, 1, 9],
			"to": [3, 2, 10],
			"rotation": {"angle": 0, "axis": "y", "origin": [1.5, 8, 8]},
			"faces": {
				"east": {"uv": [6, 14, 7, 15], "texture": "#main"},
				"south": {"uv": [3, 14, 0, 15], "texture": "#main"},
				"west": {"uv": [7, 14, 6, 15], "texture": "#main", "cullface": "west"},
				"down": {"uv": [6, 3, 7, 0], "rotation": 270, "texture": "#main"}
			}
		},
		{
			"from": [0, 6, 7],
			"to": [3, 7, 9],
			"rotation": {"angle": 0, "axis": "y", "origin": [1.5, 8, 8]},
			"faces": {
				"east": {"uv": [7, 9, 9, 10], "texture": "#main"},
				"west": {"uv": [9, 9, 7, 10], "texture": "#main", "cullface": "west"},
				"up": {"uv": [7, 3, 9, 0], "rotation": 270, "texture": "#main"}
			}
		},
		{
			"from": [0, 5, 7],
			"to": [3, 6, 9],
			"rotation": {"angle": 0, "axis": "y", "origin": [1.5, 8, 8]},
			"faces": {
				"north": {"uv": [0, 10, 3, 11], "texture": "#main"},
				"east": {"uv": [7, 10, 9, 11], "texture": "#main"},
				"south": {"uv": [3, 10, 0, 11], "texture": "#main"},
				"west": {"uv": [9, 10, 7, 11], "texture": "#main", "cullface": "west"}
			}
		},
		{
			"from": [0, 4, 7],
			"to": [3, 5, 9],
			"rotation": {"angle": 0, "axis": "y", "origin": [1.5, 8, 8]},
			"faces": {
				"east": {"uv": [7, 11, 9, 12], "texture": "#main"},
				"west": {"uv": [9, 11, 7, 12], "texture": "#main", "cullface": "west"},
				"down": {"uv": [7, 3, 8, 0], "rotation": 270, "texture": "#main"}
			}
		},
		{
			"from": [0, 1, 7],
			"to": [3, 2, 9],
			"rotation": {"angle": 0, "axis": "y", "origin": [1.5, 8, 8]},
			"faces": {
				"east": {"uv": [7, 14, 9, 15], "texture": "#main"},
				"west": {"uv": [9, 14, 7, 15], "texture": "#main", "cullface": "west"},
				"up": {"uv": [7, 3, 9, 0], "rotation": 270, "texture": "#main"}
			}
		},
		{
			"from": [0, 6, 6],
			"to": [3, 7, 7],
			"rotation": {"angle": 0, "axis": "y", "origin": [1.5, 8, 8]},
			"faces": {
				"north": {"uv": [0, 9, 3, 10], "texture": "#main"},
				"east": {"uv": [9, 9, 10, 10], "texture": "#main"},
				"west": {"uv": [10, 9, 9, 10], "texture": "#main", "cullface": "west"},
				"down": {"uv": [9, 3, 10, 0], "rotation": 270, "texture": "#main"}
			}
		},
		{
			"from": [0, 4, 6],
			"to": [3, 5, 7],
			"rotation": {"angle": 0, "axis": "y", "origin": [1.5, 8, 8]},
			"faces": {
				"north": {"uv": [0, 11, 3, 12], "texture": "#main"},
				"east": {"uv": [9, 11, 10, 12], "texture": "#main"},
				"west": {"uv": [10, 11, 9, 12], "texture": "#main", "cullface": "west"},
				"up": {"uv": [9, 3, 10, 0], "rotation": 270, "texture": "#main"}
			}
		},
		{
			"from": [0, 2, 6],
			"to": [3, 4, 7],
			"rotation": {"angle": 0, "axis": "y", "origin": [1.5, 8, 8]},
			"faces": {
				"east": {"uv": [9, 12, 10, 14], "texture": "#main"},
				"south": {"uv": [3, 12, 0, 14], "texture": "#main"},
				"west": {"uv": [10, 12, 9, 14], "texture": "#main", "cullface": "west"}
			}
		},
		{
			"from": [0, 7, 6],
			"to": [3, 9, 7],
			"rotation": {"angle": 0, "axis": "y", "origin": [1.5, 8, 8]},
			"faces": {
				"east": {"uv": [9, 7, 10, 9], "texture": "#main"},
				"south": {"uv": [3, 7, 0, 9], "texture": "#main"},
				"west": {"uv": [10, 7, 9, 9], "texture": "#main", "cullface": "west"}
			}
		},
		{
			"from": [0, 1, 6],
			"to": [3, 2, 7],
			"rotation": {"angle": 0, "axis": "y", "origin": [1.5, 8, 8]},
			"faces": {
				"north": {"uv": [0, 14, 3, 15], "texture": "#main"},
				"east": {"uv": [9, 14, 10, 15], "texture": "#main"},
				"west": {"uv": [10, 14, 9, 15], "texture": "#main", "cullface": "west"},
				"down": {"uv": [9, 3, 10, 0], "rotation": 270, "texture": "#main"}
			}
		},
		{
			"from": [0, 7, 5],
			"to": [3, 9, 6],
			"rotation": {"angle": 0, "axis": "y", "origin": [1.5, 8, 8]},
			"faces": {
				"east": {"uv": [10, 7, 11, 9], "texture": "#main"},
				"west": {"uv": [10, 9, 11, 7], "texture": "#main", "cullface": "west"},
				"up": {"uv": [10, 3, 11, 0], "rotation": 270, "texture": "#main"},
				"down": {"uv": [10, 3, 11, 0], "rotation": 270, "texture": "#main"}
			}
		},
		{
			"from": [0, 2, 5],
			"to": [3, 4, 6],
			"rotation": {"angle": 0, "axis": "y", "origin": [1.5, 8, 8]},
			"faces": {
				"east": {"uv": [10, 12, 11, 14], "texture": "#main"},
				"west": {"uv": [10, 14, 11, 12], "texture": "#main", "cullface": "west"},
				"up": {"uv": [10, 3, 11, 0], "rotation": 270, "texture": "#main"},
				"down": {"uv": [10, 3, 11, 0], "rotation": 270, "texture": "#main"}
			}
		},
		{
			"from": [0, 7, 10],
			"to": [3, 9, 11],
			"rotation": {"angle": 0, "axis": "y", "origin": [1.5, 8, 8]},
			"faces": {
				"east": {"uv": [5, 7, 6, 9], "texture": "#main"},
				"west": {"uv": [5, 9, 6, 7], "texture": "#main", "cullface": "west"},
				"up": {"uv": [5, 3, 6, 0], "rotation": 270, "texture": "#main"},
				"down": {"uv": [5, 3, 6, 0], "rotation": 270, "texture": "#main"}
			}
		},
		{
			"from": [0, 2, 10],
			"to": [3, 4, 11],
			"rotation": {"angle": 0, "axis": "y", "origin": [1.5, 8, 8]},
			"faces": {
				"east": {"uv": [5, 12, 6, 14], "texture": "#main"},
				"west": {"uv": [5, 14, 6, 12], "texture": "#main", "cullface": "west"},
				"up": {"uv": [5, 3, 6, 0], "rotation": 270, "texture": "#main"},
				"down": {"uv": [5, 3, 6, 0], "rotation": 270, "texture": "#main"}
			}
		},
		{
			"from": [0, 7, 4],
			"to": [3, 9, 5],
			"rotation": {"angle": 0, "axis": "y", "origin": [1.5, 8, 8]},
			"faces": {
				"east": {"uv": [11, 7, 12, 9], "texture": "#main"},
				"west": {"uv": [12, 7, 11, 9], "texture": "#main", "cullface": "west"}
			}
		},
		{
			"from": [0, 6, 4],
			"to": [3, 7, 5],
			"rotation": {"angle": 0, "axis": "y", "origin": [1.5, 8, 8]},
			"faces": {
				"east": {"uv": [11, 9, 12, 10], "texture": "#main"},
				"south": {"uv": [3, 9, 0, 10], "texture": "#main"},
				"west": {"uv": [12, 9, 11, 10], "texture": "#main", "cullface": "west"},
				"down": {"uv": [11, 3, 12, 0], "rotation": 270, "texture": "#main"}
			}
		},
		{
			"from": [0, 4, 4],
			"to": [3, 5, 5],
			"rotation": {"angle": 0, "axis": "y", "origin": [1.5, 8, 8]},
			"faces": {
				"east": {"uv": [11, 11, 12, 12], "texture": "#main"},
				"south": {"uv": [3, 11, 0, 12], "texture": "#main"},
				"west": {"uv": [12, 11, 11, 12], "texture": "#main", "cullface": "west"},
				"up": {"uv": [11, 3, 12, 0], "rotation": 270, "texture": "#main"}
			}
		},
		{
			"from": [0, 2, 4],
			"to": [3, 4, 5],
			"rotation": {"angle": 0, "axis": "y", "origin": [1.5, 8, 8]},
			"faces": {
				"east": {"uv": [11, 12, 12, 14], "texture": "#main"},
				"west": {"uv": [12, 12, 11, 14], "texture": "#main", "cullface": "west"}
			}
		},
		{
			"from": [0, 1, 4],
			"to": [3, 2, 5],
			"rotation": {"angle": 0, "axis": "y", "origin": [1.5, 8, 8]},
			"faces": {
				"east": {"uv": [11, 14, 12, 15], "texture": "#main"},
				"south": {"uv": [3, 14, 0, 15], "texture": "#main"},
				"west": {"uv": [12, 14, 11, 15], "texture": "#main", "cullface": "west"},
				"down": {"uv": [11, 3, 12, 0], "rotation": 270, "texture": "#main"}
			}
		},
		{
			"from": [0, 2, 9],
			"to": [3, 4, 10],
			"rotation": {"angle": 0, "axis": "y", "origin": [1.5, 8, 8]},
			"faces": {
				"north": {"uv": [0, 12, 3, 14], "texture": "#main"},
				"east": {"uv": [6, 12, 7, 14], "texture": "#main"},
				"west": {"uv": [7, 12, 6, 14], "texture": "#main", "cullface": "west"}
			}
		},
		{
			"from": [0, 4, 9],
			"to": [3, 5, 10],
			"rotation": {"angle": 0, "axis": "y", "origin": [1.5, 8, 8]},
			"faces": {
				"east": {"uv": [6, 11, 7, 12], "texture": "#main"},
				"south": {"uv": [3, 11, 0, 12], "texture": "#main"},
				"west": {"uv": [7, 11, 6, 12], "texture": "#main", "cullface": "west"},
				"up": {"uv": [6, 3, 7, 0], "rotation": 270, "texture": "#main"}
			}
		},
		{
			"from": [0, 6, 9],
			"to": [3, 7, 10],
			"rotation": {"angle": 0, "axis": "y", "origin": [1.5, 8, 8]},
			"faces": {
				"east": {"uv": [6, 9, 7, 10], "texture": "#main"},
				"south": {"uv": [3, 9, 0, 10], "texture": "#main"},
				"west": {"uv": [7, 9, 6, 10], "texture": "#main", "cullface": "west"},
				"down": {"uv": [6, 3, 7, 0], "rotation": 270, "texture": "#main"}
			}
		},
		{
			"from": [0, 7, 9],
			"to": [3, 9, 10],
			"rotation": {"angle": 0, "axis": "y", "origin": [1.5, 8, 8]},
			"faces": {
				"north": {"uv": [0, 7, 3, 9], "texture": "#main"},
				"east": {"uv": [6, 7, 7, 9], "texture": "#main"},
				"west": {"uv": [7, 7, 6, 9], "texture": "#main", "cullface": "west"}
			}
		},
		{
			"from": [0, 7, 11],
			"to": [3, 9, 12],
			"rotation": {"angle": 0, "axis": "y", "origin": [1.5, 8, 8]},
			"faces": {
				"east": {"uv": [4, 7, 5, 9], "texture": "#main"},
				"west": {"uv": [5, 7, 4, 9], "texture": "#main", "cullface": "west"}
			}
		},
		{
			"from": [0, 6, 11],
			"to": [3, 7, 12],
			"rotation": {"angle": 0, "axis": "y", "origin": [1.5, 8, 8]},
			"faces": {
				"north": {"uv": [0, 9, 3, 10], "texture": "#main"},
				"east": {"uv": [4, 9, 5, 10], "texture": "#main"},
				"west": {"uv": [5, 9, 4, 10], "texture": "#main", "cullface": "west"},
				"down": {"uv": [4, 3, 5, 0], "rotation": 270, "texture": "#main"}
			}
		},
		{
			"from": [0, 4, 11],
			"to": [3, 5, 12],
			"rotation": {"angle": 0, "axis": "y", "origin": [1.5, 8, 8]},
			"faces": {
				"north": {"uv": [0, 11, 3, 12], "texture": "#main"},
				"east": {"uv": [4, 11, 5, 12], "texture": "#main"},
				"west": {"uv": [5, 11, 4, 12], "texture": "#main", "cullface": "west"},
				"up": {"uv": [4, 3, 5, 0], "rotation": 270, "texture": "#main"}
			}
		},
		{
			"from": [0, 2, 11],
			"to": [3, 4, 12],
			"rotation": {"angle": 0, "axis": "y", "origin": [1.5, 8, 8]},
			"faces": {
				"east": {"uv": [4, 12, 5, 14], "texture": "#main"},
				"west": {"uv": [5, 12, 4, 14], "texture": "#main", "cullface": "west"}
			}
		},
		{
			"from": [0, 1, 11],
			"to": [3, 2, 12],
			"rotation": {"angle": 0, "axis": "y", "origin": [1.5, 8, 8]},
			"faces": {
				"north": {"uv": [0, 14, 3, 15], "texture": "#main"},
				"east": {"uv": [4, 14, 5, 15], "texture": "#main"},
				"west": {"uv": [5, 14, 4, 15], "texture": "#main", "cullface": "west"},
				"down": {"uv": [4, 3, 5, 0], "rotation": 270, "texture": "#main"}
			}
		},
		{
			"from": [0, 11, 12],
			"to": [2, 12, 16],
			"rotation": {"angle": 0, "axis": "y", "origin": [1.5, 8, 8]},
			"faces": {
				"south": {"uv": [3, 4, 1, 5], "texture": "#main", "cullface": "south"},
				"west": {"uv": [4, 4, 0, 5], "texture": "#main", "cullface": "west"}
			}
		},
		{
			"from": [2, 11, 12],
			"to": [3, 12, 16],
			"rotation": {"angle": 0, "axis": "y", "origin": [1.5, 8, 8]},
			"faces": {
				"east": {"uv": [0, 4, 4, 5], "texture": "#main"},
				"south": {"uv": [1, 4, 0, 5], "texture": "#main", "cullface": "south"}
			}
		},
		{
			"from": [0, 10, 0],
			"to": [2, 11, 4],
			"rotation": {"angle": 0, "axis": "y", "origin": [1.5, 8, 8]},
			"faces": {
				"north": {"uv": [1, 5, 3, 6], "texture": "#main", "cullface": "north"},
				"south": {"uv": [3, 5, 1, 6], "texture": "#main"},
				"west": {"uv": [16, 5, 12, 6], "texture": "#main", "cullface": "west"}
			}
		},
		{
			"from": [2, 10, 0],
			"to": [3, 11, 4],
			"rotation": {"angle": 0, "axis": "y", "origin": [1.5, 8, 8]},
			"faces": {
				"north": {"uv": [0, 7, 1, 8], "texture": "#main", "cullface": "north"},
				"east": {"uv": [12, 5, 16, 6], "texture": "#main"},
				"south": {"uv": [0, 7, 1, 8], "texture": "#main"}
			}
		},
		{
			"from": [0, 10, 12],
			"to": [2, 11, 16],
			"rotation": {"angle": 0, "axis": "y", "origin": [1.5, 8, 8]},
			"faces": {
				"north": {"uv": [1, 5, 3, 6], "texture": "#main"},
				"south": {"uv": [3, 5, 1, 6], "texture": "#main", "cullface": "south"},
				"west": {"uv": [4, 5, 0, 6], "texture": "#main", "cullface": "west"}
			}
		},
		{
			"from": [2, 10, 12],
			"to": [3, 11, 16],
			"rotation": {"angle": 0, "axis": "y", "origin": [1.5, 8, 8]},
			"faces": {
				"north": {"uv": [0, 7, 1, 8], "texture": "#main"},
				"east": {"uv": [0, 5, 4, 6], "texture": "#main"},
				"south": {"uv": [1, 5, 0, 6], "texture": "#main", "cullface": "south"}
			}
		}
	]
}