{
	"credit": "Made with Blockbench",
	"ambientocclusion": false,
	"textures": {
		"1": "block/cherry_door_top",
		"particle": "block/cherry_door_bottom",
		"lower": "block/cherry_door_bottom"
	},
	"elements": [
		{
			"from": [2, 15, 0],
			"to": [3, 16, 4],
			"rotation": {"angle": 0, "axis": "y", "origin": [1.5, 8, 8]},
			"faces": {
				"north": {"uv": [0, 2, 1, 1], "texture": "#lower", "cullface": "north"},
				"east": {"uv": [12, 0, 16, 1], "texture": "#lower"}
			}
		},
		{
			"from": [0, 15, 12],
			"to": [2, 16, 16],
			"rotation": {"angle": 0, "axis": "y", "origin": [1.5, 8, 8]},
			"faces": {
				"south": {"uv": [3, 0, 1, 1], "texture": "#lower", "cullface": "south"},
				"west": {"uv": [4, 0, 0, 1], "texture": "#lower", "cullface": "west"}
			}
		},
		{
			"from": [2, 15, 12],
			"to": [3, 16, 16],
			"rotation": {"angle": 0, "axis": "y", "origin": [1.5, 8, 8]},
			"faces": {
				"east": {"uv": [0, 0, 4, 1], "texture": "#lower"},
				"south": {"uv": [1, 0, 0, 1], "texture": "#lower", "cullface": "south"}
			}
		},
		{
			"from": [0, 15, 0],
			"to": [2, 16, 4],
			"rotation": {"angle": 0, "axis": "y", "origin": [1.5, 8, 8]},
			"faces": {
				"north": {"uv": [1, 0, 3, 1], "texture": "#lower", "cullface": "north"},
				"west": {"uv": [16, 0, 12, 1], "texture": "#lower", "cullface": "west"}
			}
		},
		{
			"from": [2, 15, 9],
			"to": [3, 16, 10],
			"rotation": {"angle": 0, "axis": "y", "origin": [1.5, 8, 8]},
			"faces": {
				"east": {"uv": [6, 0, 7, 1], "texture": "#lower"},
				"south": {"uv": [1, 1, 0, 2], "texture": "#lower"},
				"up": {"uv": [6, 1, 7, 0], "rotation": 270, "texture": "#1", "cullface": "up"}
			}
		},
		{
			"from": [0, 15, 4],
			"to": [2, 16, 5],
			"rotation": {"angle": 0, "axis": "y", "origin": [1.5, 8, 8]},
			"faces": {
				"south": {"uv": [3, 0, 1, 1], "texture": "#lower"},
				"west": {"uv": [12, 0, 11, 1], "texture": "#lower", "cullface": "west"},
				"up": {"uv": [11, 3, 12, 1], "rotation": 270, "texture": "#1", "cullface": "up"}
			}
		},
		{
			"from": [2, 15, 4],
			"to": [3, 16, 5],
			"rotation": {"angle": 0, "axis": "y", "origin": [1.5, 8, 8]},
			"faces": {
				"east": {"uv": [11, 0, 12, 1], "texture": "#lower"},
				"south": {"uv": [1, 1, 0, 2], "texture": "#lower"},
				"up": {"uv": [11, 1, 12, 0], "rotation": 270, "texture": "#1", "cullface": "up"}
			}
		},
		{
			"from": [0, 15, 11],
			"to": [2, 16, 12],
			"rotation": {"angle": 0, "axis": "y", "origin": [1.5, 8, 8]},
			"faces": {
				"north": {"uv": [1, 0, 3, 1], "texture": "#lower"},
				"west": {"uv": [5, 0, 4, 1], "texture": "#lower", "cullface": "west"},
				"up": {"uv": [4, 3, 5, 1], "rotation": 270, "texture": "#1", "cullface": "up"}
			}
		},
		{
			"from": [2, 15, 11],
			"to": [3, 16, 12],
			"rotation": {"angle": 0, "axis": "y", "origin": [1.5, 8, 8]},
			"faces": {
				"north": {"uv": [0, 2, 1, 1], "texture": "#lower"},
				"east": {"uv": [4, 0, 5, 1], "texture": "#lower"},
				"up": {"uv": [4, 1, 5, 0], "rotation": 270, "texture": "#1", "cullface": "up"}
			}
		},
		{
			"from": [0, 15, 9],
			"to": [2, 16, 10],
			"rotation": {"angle": 0, "axis": "y", "origin": [1.5, 8, 8]},
			"faces": {
				"south": {"uv": [3, 0, 1, 1], "texture": "#lower"},
				"west": {"uv": [7, 0, 6, 1], "texture": "#lower", "cullface": "west"},
				"up": {"uv": [6, 3, 7, 1], "rotation": 270, "texture": "#1", "cullface": "up"}
			}
		},
		{
			"from": [2, 15, 8],
			"to": [3, 16, 9],
			"rotation": {"angle": 0, "axis": "y", "origin": [1.5, 8, 8]},
			"faces": {
				"east": {"uv": [7, 0, 8, 1], "texture": "#lower"}
			}
		},
		{
			"from": [0, 15, 8],
			"to": [2, 16, 9],
			"rotation": {"angle": 0, "axis": "y", "origin": [1.5, 8, 8]},
			"faces": {
				"west": {"uv": [8, 0, 7, 1], "texture": "#lower", "cullface": "west"}
			}
		},
		{
			"from": [2, 15, 7],
			"to": [3, 16, 8],
			"rotation": {"angle": 0, "axis": "y", "origin": [1.5, 8, 8]},
			"faces": {
				"east": {"uv": [8, 0, 9, 1], "texture": "#lower"}
			}
		},
		{
			"from": [0, 15, 7],
			"to": [2, 16, 8],
			"rotation": {"angle": 0, "axis": "y", "origin": [1.5, 8, 8]},
			"faces": {
				"west": {"uv": [9, 0, 8, 1], "texture": "#lower", "cullface": "west"}
			}
		},
		{
			"from": [2, 15, 6],
			"to": [3, 16, 7],
			"rotation": {"angle": 0, "axis": "y", "origin": [1.5, 8, 8]},
			"faces": {
				"north": {"uv": [0, 2, 1, 1], "texture": "#lower"},
				"east": {"uv": [9, 0, 10, 1], "texture": "#lower"},
				"up": {"uv": [9, 1, 10, 0], "rotation": 270, "texture": "#1", "cullface": "up"}
			}
		},
		{
			"from": [0, 15, 6],
			"to": [2, 16, 7],
			"rotation": {"angle": 0, "axis": "y", "origin": [1.5, 8, 8]},
			"faces": {
				"north": {"uv": [1, 0, 3, 1], "texture": "#lower"},
				"west": {"uv": [10, 0, 9, 1], "texture": "#lower", "cullface": "west"},
				"up": {"uv": [9, 3, 10, 1], "rotation": 270, "texture": "#1", "cullface": "up"}
			}
		},
		{
			"from": [0, 0, 12],
			"to": [3, 4, 16],
			"rotation": {"angle": 0, "axis": "y", "origin": [1.5, 8, 8]},
			"faces": {
				"east": {"uv": [0, 12, 4, 16], "texture": "#lower"},
				"south": {"uv": [3, 12, 0, 16], "texture": "#lower", "cullface": "south"},
				"west": {"uv": [4, 12, 0, 16], "texture": "#lower", "cullface": "west"},
				"down": {"uv": [4, 13, 0, 16], "rotation": 270, "texture": "#lower", "cullface": "down"}
			}
		},
		{
			"from": [0, 4, 0],
			"to": [2, 6, 4],
			"rotation": {"angle": 0, "axis": "y", "origin": [1.5, 8, 8]},
			"faces": {
				"north": {"uv": [1, 10, 3, 12], "texture": "#lower", "cullface": "north"},
				"west": {"uv": [16, 10, 12, 12], "texture": "#lower", "cullface": "west"}
			}
		},
		{
			"from": [0, 6, 0],
			"to": [3, 15, 4],
			"rotation": {"angle": 0, "axis": "y", "origin": [1.5, 8, 8]},
			"faces": {
				"north": {"uv": [0, 1, 3, 10], "texture": "#lower", "cullface": "north"},
				"east": {"uv": [12, 1, 16, 10], "texture": "#lower"},
				"west": {"uv": [16, 1, 12, 10], "texture": "#lower", "cullface": "west"}
			}
		},
		{
			"from": [2, 4, 0],
			"to": [3, 6, 4],
			"rotation": {"angle": 0, "axis": "y", "origin": [1.5, 8, 8]},
			"faces": {
				"north": {"uv": [0, 12, 1, 14], "texture": "#lower", "cullface": "north"},
				"east": {"uv": [12, 10, 16, 12], "texture": "#lower"}
			}
		},
		{
			"from": [0, 0, 0],
			"to": [3, 4, 4],
			"rotation": {"angle": 0, "axis": "y", "origin": [1.5, 8, 8]},
			"faces": {
				"north": {"uv": [0, 12, 3, 16], "texture": "#lower", "cullface": "north"},
				"east": {"uv": [12, 12, 16, 16], "texture": "#lower"},
				"west": {"uv": [16, 12, 12, 16], "texture": "#lower", "cullface": "west"},
				"down": {"uv": [16, 13, 12, 16], "rotation": 270, "texture": "#lower", "cullface": "down"}
			}
		},
		{
			"from": [2, 4, 11],
			"to": [3, 6, 12],
			"rotation": {"angle": 0, "axis": "y", "origin": [1.5, 8, 8]},
			"faces": {
				"east": {"uv": [4, 10, 5, 12], "texture": "#lower"}
			}
		},
		{
			"from": [0, 6, 11],
			"to": [3, 15, 12],
			"rotation": {"angle": 0, "axis": "y", "origin": [1.5, 8, 8]},
			"faces": {
				"east": {"uv": [4, 1, 5, 10], "texture": "#lower"},
				"west": {"uv": [5, 1, 4, 10], "texture": "#lower", "cullface": "west"}
			}
		},
		{
			"from": [2, 4, 10],
			"to": [3, 6, 11],
			"rotation": {"angle": 0, "axis": "y", "origin": [1.5, 8, 8]},
			"faces": {
				"east": {"uv": [5, 10, 6, 12], "texture": "#lower"}
			}
		},
		{
			"from": [0, 0, 10],
			"to": [3, 4, 11],
			"rotation": {"angle": 0, "axis": "y", "origin": [1.5, 8, 8]},
			"faces": {
				"east": {"uv": [5, 12, 6, 16], "texture": "#lower"},
				"west": {"uv": [6, 12, 5, 16], "texture": "#lower", "cullface": "west"},
				"down": {"uv": [6, 13, 5, 16], "rotation": 270, "texture": "#lower", "cullface": "down"}
			}
		},
		{
			"from": [0, 4, 10],
			"to": [2, 6, 11],
			"rotation": {"angle": 0, "axis": "y", "origin": [1.5, 8, 8]},
			"faces": {
				"west": {"uv": [6, 10, 5, 12], "texture": "#lower", "cullface": "west"}
			}
		},
		{
			"from": [0, 6, 10],
			"to": [3, 15, 11],
			"rotation": {"angle": 0, "axis": "y", "origin": [1.5, 8, 8]},
			"faces": {
				"east": {"uv": [5, 1, 6, 10], "texture": "#lower"},
				"west": {"uv": [6, 1, 5, 10], "texture": "#lower", "cullface": "west"},
				"up": {"uv": [5, 3, 6, 0], "rotation": 270, "texture": "#1"}
			}
		},
		{
			"from": [2, 4, 9],
			"to": [3, 6, 10],
			"rotation": {"angle": 0, "axis": "y", "origin": [1.5, 8, 8]},
			"faces": {
				"east": {"uv": [6, 10, 7, 12], "texture": "#lower"}
			}
		},
		{
			"from": [0, 0, 9],
			"to": [3, 4, 10],
			"rotation": {"angle": 0, "axis": "y", "origin": [1.5, 8, 8]},
			"faces": {
				"east": {"uv": [6, 12, 7, 16], "texture": "#lower"},
				"west": {"uv": [7, 12, 6, 16], "texture": "#lower", "cullface": "west"},
				"down": {"uv": [7, 13, 6, 16], "rotation": 270, "texture": "#lower", "cullface": "down"}
			}
		},
		{
			"from": [0, 4, 9],
			"to": [2, 6, 10],
			"rotation": {"angle": 0, "axis": "y", "origin": [1.5, 8, 8]},
			"faces": {
				"west": {"uv": [7, 10, 6, 12], "texture": "#lower", "cullface": "west"}
			}
		},
		{
			"from": [0, 6, 9],
			"to": [3, 15, 10],
			"rotation": {"angle": 0, "axis": "y", "origin": [1.5, 8, 8]},
			"faces": {
				"east": {"uv": [6, 1, 7, 10], "texture": "#lower"},
				"west": {"uv": [7, 1, 6, 10], "texture": "#lower", "cullface": "west"}
			}
		},
		{
			"from": [2, 4, 8],
			"to": [3, 6, 9],
			"rotation": {"angle": 0, "axis": "y", "origin": [1.5, 8, 8]},
			"faces": {
				"east": {"uv": [7, 10, 8, 12], "texture": "#lower"}
			}
		},
		{
			"from": [0, 0, 8],
			"to": [3, 4, 9],
			"rotation": {"angle": 0, "axis": "y", "origin": [1.5, 8, 8]},
			"faces": {
				"east": {"uv": [7, 12, 8, 16], "texture": "#lower"},
				"west": {"uv": [8, 12, 7, 16], "texture": "#lower", "cullface": "west"},
				"down": {"uv": [8, 13, 7, 16], "rotation": 270, "texture": "#lower", "cullface": "down"}
			}
		},
		{
			"from": [0, 4, 8],
			"to": [2, 6, 9],
			"rotation": {"angle": 0, "axis": "y", "origin": [1.5, 8, 8]},
			"faces": {
				"west": {"uv": [8, 10, 7, 12], "texture": "#lower", "cullface": "west"}
			}
		},
		{
			"from": [0, 6, 8],
			"to": [3, 15, 9],
			"rotation": {"angle": 0, "axis": "y", "origin": [1.5, 8, 8]},
			"faces": {
				"east": {"uv": [7, 1, 8, 10], "texture": "#lower"},
				"west": {"uv": [8, 1, 7, 10], "texture": "#lower", "cullface": "west"}
			}
		},
		{
			"from": [2, 4, 7],
			"to": [3, 6, 8],
			"rotation": {"angle": 0, "axis": "y", "origin": [1.5, 8, 8]},
			"faces": {
				"east": {"uv": [8, 10, 9, 12], "texture": "#lower"}
			}
		},
		{
			"from": [0, 0, 7],
			"to": [3, 4, 8],
			"rotation": {"angle": 0, "axis": "y", "origin": [1.5, 8, 8]},
			"faces": {
				"east": {"uv": [8, 12, 9, 16], "texture": "#lower"},
				"west": {"uv": [9, 12, 8, 16], "texture": "#lower", "cullface": "west"},
				"down": {"uv": [9, 13, 8, 16], "rotation": 270, "texture": "#lower", "cullface": "down"}
			}
		},
		{
			"from": [0, 4, 7],
			"to": [2, 6, 8],
			"rotation": {"angle": 0, "axis": "y", "origin": [1.5, 8, 8]},
			"faces": {
				"west": {"uv": [9, 10, 8, 12], "texture": "#lower", "cullface": "west"}
			}
		},
		{
			"from": [0, 6, 7],
			"to": [3, 15, 8],
			"rotation": {"angle": 0, "axis": "y", "origin": [1.5, 8, 8]},
			"faces": {
				"east": {"uv": [8, 1, 9, 10], "texture": "#lower"},
				"west": {"uv": [9, 1, 8, 10], "texture": "#lower", "cullface": "west"}
			}
		},
		{
			"from": [2, 4, 5],
			"to": [3, 6, 6],
			"rotation": {"angle": 0, "axis": "y", "origin": [1.5, 8, 8]},
			"faces": {
				"east": {"uv": [10, 10, 11, 12], "texture": "#lower"}
			}
		},
		{
			"from": [0, 0, 5],
			"to": [3, 4, 6],
			"rotation": {"angle": 0, "axis": "y", "origin": [1.5, 8, 8]},
			"faces": {
				"east": {"uv": [10, 12, 11, 16], "texture": "#lower"},
				"west": {"uv": [11, 12, 10, 16], "texture": "#lower", "cullface": "west"},
				"down": {"uv": [11, 13, 10, 16], "rotation": 270, "texture": "#lower", "cullface": "down"}
			}
		},
		{
			"from": [0, 4, 5],
			"to": [2, 6, 6],
			"rotation": {"angle": 0, "axis": "y", "origin": [1.5, 8, 8]},
			"faces": {
				"west": {"uv": [11, 10, 10, 12], "texture": "#lower", "cullface": "west"}
			}
		},
		{
			"from": [0, 6, 5],
			"to": [3, 15, 6],
			"rotation": {"angle": 0, "axis": "y", "origin": [1.5, 8, 8]},
			"faces": {
				"east": {"uv": [10, 1, 11, 10], "texture": "#lower"},
				"west": {"uv": [11, 1, 10, 10], "texture": "#lower", "cullface": "west"},
				"up": {"uv": [10, 3, 11, 0], "rotation": 270, "texture": "#1"}
			}
		},
		{
			"from": [2, 4, 4],
			"to": [3, 6, 5],
			"rotation": {"angle": 0, "axis": "y", "origin": [1.5, 8, 8]},
			"faces": {
				"east": {"uv": [11, 10, 12, 12], "texture": "#lower"}
			}
		},
		{
			"from": [0, 0, 4],
			"to": [3, 4, 5],
			"rotation": {"angle": 0, "axis": "y", "origin": [1.5, 8, 8]},
			"faces": {
				"east": {"uv": [11, 12, 12, 16], "texture": "#lower"},
				"west": {"uv": [12, 12, 11, 16], "texture": "#lower", "cullface": "west"},
				"down": {"uv": [12, 13, 11, 16], "rotation": 270, "texture": "#lower", "cullface": "down"}
			}
		},
		{
			"from": [0, 4, 4],
			"to": [2, 6, 5],
			"rotation": {"angle": 0, "axis": "y", "origin": [1.5, 8, 8]},
			"faces": {
				"west": {"uv": [12, 10, 11, 12], "texture": "#lower", "cullface": "west"}
			}
		},
		{
			"from": [0, 6, 4],
			"to": [3, 15, 5],
			"rotation": {"angle": 0, "axis": "y", "origin": [1.5, 8, 8]},
			"faces": {
				"east": {"uv": [11, 1, 12, 10], "texture": "#lower"},
				"west": {"uv": [12, 1, 11, 10], "texture": "#lower", "cullface": "west"}
			}
		},
		{
			"from": [2, 4, 6],
			"to": [3, 6, 7],
			"rotation": {"angle": 0, "axis": "y", "origin": [1.5, 8, 8]},
			"faces": {
				"east": {"uv": [9, 10, 10, 12], "texture": "#lower"}
			}
		},
		{
			"from": [0, 0, 6],
			"to": [3, 4, 7],
			"rotation": {"angle": 0, "axis": "y", "origin": [1.5, 8, 8]},
			"faces": {
				"east": {"uv": [9, 12, 10, 16], "texture": "#lower"},
				"west": {"uv": [10, 12, 9, 16], "texture": "#lower", "cullface": "west"},
				"down": {"uv": [10, 13, 9, 16], "rotation": 270, "texture": "#lower", "cullface": "down"}
			}
		},
		{
			"from": [0, 4, 6],
			"to": [2, 6, 7],
			"rotation": {"angle": 0, "axis": "y", "origin": [1.5, 8, 8]},
			"faces": {
				"west": {"uv": [10, 10, 9, 12], "texture": "#lower", "cullface": "west"}
			}
		},
		{
			"from": [0, 6, 6],
			"to": [3, 15, 7],
			"rotation": {"angle": 0, "axis": "y", "origin": [1.5, 8, 8]},
			"faces": {
				"east": {"uv": [9, 1, 10, 10], "texture": "#lower"},
				"west": {"uv": [10, 1, 9, 10], "texture": "#lower", "cullface": "west"}
			}
		},
		{
			"from": [0, 4, 11],
			"to": [2, 6, 12],
			"rotation": {"angle": 0, "axis": "y", "origin": [1.5, 8, 8]},
			"faces": {
				"west": {"uv": [5, 10, 4, 12], "texture": "#lower", "cullface": "west"}
			}
		},
		{
			"from": [0, 0, 11],
			"to": [3, 4, 12],
			"rotation": {"angle": 0, "axis": "y", "origin": [1.5, 8, 8]},
			"faces": {
				"east": {"uv": [4, 12, 5, 16], "texture": "#lower"},
				"west": {"uv": [5, 12, 4, 16], "texture": "#lower", "cullface": "west"},
				"down": {"uv": [5, 13, 4, 16], "rotation": 270, "texture": "#lower", "cullface": "down"}
			}
		},
		{
			"from": [0, 6, 12],
			"to": [3, 15, 16],
			"rotation": {"angle": 0, "axis": "y", "origin": [1.5, 8, 8]},
			"faces": {
				"east": {"uv": [0, 1, 4, 10], "texture": "#lower"},
				"south": {"uv": [3, 1, 0, 10], "texture": "#lower", "cullface": "south"},
				"west": {"uv": [4, 1, 0, 10], "texture": "#lower", "cullface": "west"}
			}
		},
		{
			"from": [0, 4, 12],
			"to": [2, 6, 16],
			"rotation": {"angle": 0, "axis": "y", "origin": [1.5, 8, 8]},
			"faces": {
				"south": {"uv": [3, 10, 1, 12], "texture": "#lower", "cullface": "south"},
				"west": {"uv": [4, 10, 0, 12], "texture": "#lower", "cullface": "west"}
			}
		},
		{
			"from": [2, 4, 12],
			"to": [3, 6, 16],
			"rotation": {"angle": 0, "axis": "y", "origin": [1.5, 8, 8]},
			"faces": {
				"east": {"uv": [0, 10, 4, 12], "texture": "#lower"},
				"south": {"uv": [1, 10, 0, 12], "texture": "#lower", "cullface": "south"}
			}
		}
	]
}