{
	"credit": "Made with Blockbench",
	"ambientocclusion": false,
	"textures": {
		"particle": "block/jungle_door_top",
		"main": "block/jungle_door_top"
	},
	"elements": [
		{
			"from": [2, 1, 0],
			"to": [3, 8, 4],
			"rotation": {"angle": 0, "axis": "y", "origin": [8, 8, 8]},
			"faces": {
				"north": {"uv": [0, 8, 1, 15], "texture": "#main", "cullface": "north"},
				"east": {"uv": [12, 8, 16, 15], "texture": "#main"}
			}
		},
		{
			"from": [2, 8, 0],
			"to": [3, 10, 4],
			"rotation": {"angle": 0, "axis": "y", "origin": [8, 8, 8]},
			"faces": {
				"north": {"uv": [0, 6, 1, 8], "texture": "#main", "cullface": "north"},
				"east": {"uv": [12, 6, 16, 8], "texture": "#main"},
				"south": {"uv": [1, 6, 0, 8], "texture": "#main"}
			}
		},
		{
			"from": [2, 0, 0],
			"to": [3, 1, 4],
			"rotation": {"angle": 0, "axis": "y", "origin": [8, 8, 8]},
			"faces": {
				"north": {"uv": [0, 14, 1, 15], "texture": "#main", "cullface": "north"},
				"east": {"uv": [12, 15, 16, 16], "texture": "#main"}
			}
		},
		{
			"from": [2, 12, 0],
			"to": [3, 16, 4],
			"rotation": {"angle": 0, "axis": "y", "origin": [8, 8, 8]},
			"faces": {
				"north": {"uv": [0, 0, 1, 4], "texture": "#main", "cullface": "north"},
				"east": {"uv": [12, 0, 16, 4], "texture": "#main"},
				"up": {"uv": [0, 0, 4, 1], "rotation": 90, "texture": "#main", "cullface": "up"}
			}
		},
		{
			"from": [2, 10, 0],
			"to": [3, 11, 4],
			"rotation": {"angle": 0, "axis": "y", "origin": [8, 8, 8]},
			"faces": {
				"north": {"uv": [0, 3, 1, 4], "texture": "#main", "cullface": "north"},
				"east": {"uv": [12, 5, 16, 6], "texture": "#main"},
				"south": {"uv": [1, 3, 0, 4], "texture": "#main"}
			}
		},
		{
			"from": [2, 11, 0],
			"to": [3, 12, 4],
			"rotation": {"angle": 0, "axis": "y", "origin": [8, 8, 8]},
			"faces": {
				"north": {"uv": [0, 2, 1, 3], "texture": "#main", "cullface": "north"},
				"east": {"uv": [12, 4, 16, 5], "texture": "#main"}
			}
		},
		{
			"from": [0, 0, 0],
			"to": [2, 8, 4],
			"rotation": {"angle": 0, "axis": "y", "origin": [8, 8, 8]},
			"faces": {
				"north": {"uv": [1, 8, 3, 16], "texture": "#main", "cullface": "north"},
				"west": {"uv": [16, 8, 12, 16], "texture": "#main", "cullface": "west"}
			}
		},
		{
			"from": [0, 0, 12],
			"to": [3, 8, 16],
			"rotation": {"angle": 0, "axis": "y", "origin": [8, 8, 8]},
			"faces": {
				"east": {"uv": [0, 8, 4, 16], "texture": "#main"},
				"south": {"uv": [3, 8, 0, 16], "texture": "#main", "cullface": "south"},
				"west": {"uv": [4, 8, 0, 16], "texture": "#main", "cullface": "west"}
			}
		},
		{
			"from": [0, 0, 10],
			"to": [3, 5, 12],
			"rotation": {"angle": 0, "axis": "y", "origin": [8, 8, 8]},
			"faces": {
				"east": {"uv": [4, 11, 6, 16], "texture": "#main"},
				"west": {"uv": [6, 11, 4, 16], "texture": "#main", "cullface": "west"}
			}
		},
		{
			"from": [0, 0, 4],
			"to": [3, 5, 6],
			"rotation": {"angle": 0, "axis": "y", "origin": [8, 8, 8]},
			"faces": {
				"east": {"uv": [10, 11, 12, 16], "texture": "#main"},
				"west": {"uv": [12, 11, 10, 16], "texture": "#main", "cullface": "west"}
			}
		},
		{
			"from": [0, 5, 10],
			"to": [3, 6, 12],
			"rotation": {"angle": 0, "axis": "y", "origin": [8, 8, 8]},
			"faces": {
				"north": {"uv": [0, 10, 3, 11], "texture": "#main"},
				"east": {"uv": [4, 10, 6, 11], "texture": "#main"},
				"west": {"uv": [6, 10, 4, 11], "texture": "#main", "cullface": "west"}
			}
		},
		{
			"from": [0, 4, 9],
			"to": [3, 5, 10],
			"rotation": {"angle": 0, "axis": "y", "origin": [8, 8, 8]},
			"faces": {
				"north": {"uv": [0, 11, 3, 12], "texture": "#main"},
				"east": {"uv": [6, 11, 7, 12], "texture": "#main"},
				"west": {"uv": [7, 11, 6, 12], "texture": "#main", "cullface": "west"},
				"up": {"uv": [9, 0, 10, 3], "rotation": 90, "texture": "#main"}
			}
		},
		{
			"from": [0, 4, 6],
			"to": [3, 5, 7],
			"rotation": {"angle": 0, "axis": "y", "origin": [8, 8, 8]},
			"faces": {
				"east": {"uv": [9, 11, 10, 12], "texture": "#main"},
				"south": {"uv": [3, 11, 0, 12], "texture": "#main"},
				"west": {"uv": [10, 11, 9, 12], "texture": "#main", "cullface": "west"},
				"up": {"uv": [6, 0, 7, 3], "rotation": 90, "texture": "#main"}
			}
		},
		{
			"from": [0, 5, 4],
			"to": [3, 6, 6],
			"rotation": {"angle": 0, "axis": "y", "origin": [8, 8, 8]},
			"faces": {
				"east": {"uv": [10, 10, 12, 11], "texture": "#main"},
				"south": {"uv": [3, 10, 0, 11], "texture": "#main"},
				"west": {"uv": [12, 10, 10, 11], "texture": "#main", "cullface": "west"}
			}
		},
		{
			"from": [0, 0, 7],
			"to": [3, 4, 9],
			"rotation": {"angle": 0, "axis": "y", "origin": [8, 8, 8]},
			"faces": {
				"east": {"uv": [7, 12, 9, 16], "texture": "#main"},
				"west": {"uv": [9, 12, 7, 16], "texture": "#main", "cullface": "west"},
				"up": {"uv": [7, 0, 9, 3], "rotation": 90, "texture": "#main"}
			}
		},
		{
			"from": [0, 0, 9],
			"to": [3, 4, 10],
			"rotation": {"angle": 0, "axis": "y", "origin": [8, 8, 8]},
			"faces": {
				"east": {"uv": [6, 12, 7, 16], "texture": "#main"},
				"west": {"uv": [7, 12, 6, 16], "texture": "#main", "cullface": "west"}
			}
		},
		{
			"from": [0, 0, 6],
			"to": [3, 4, 7],
			"rotation": {"angle": 0, "axis": "y", "origin": [8, 8, 8]},
			"faces": {
				"east": {"uv": [9, 12, 10, 16], "texture": "#main"},
				"west": {"uv": [10, 12, 9, 16], "texture": "#main", "cullface": "west"}
			}
		},
		{
			"from": [0, 6, 4],
			"to": [3, 8, 6],
			"rotation": {"angle": 0, "axis": "y", "origin": [8, 8, 8]},
			"faces": {
				"east": {"uv": [10, 8, 12, 10], "texture": "#main"},
				"west": {"uv": [12, 8, 10, 10], "texture": "#main", "cullface": "west"},
				"up": {"uv": [4, 0, 6, 3], "rotation": 90, "texture": "#main"}
			}
		},
		{
			"from": [0, 6, 10],
			"to": [3, 8, 12],
			"rotation": {"angle": 0, "axis": "y", "origin": [8, 8, 8]},
			"faces": {
				"east": {"uv": [4, 8, 6, 10], "texture": "#main"},
				"west": {"uv": [6, 8, 4, 10], "texture": "#main", "cullface": "west"},
				"up": {"uv": [10, 0, 12, 3], "rotation": 90, "texture": "#main"}
			}
		},
		{
			"from": [0, 6, 7],
			"to": [3, 8, 9],
			"rotation": {"angle": 0, "axis": "y", "origin": [8, 8, 8]},
			"faces": {
				"east": {"uv": [7, 8, 9, 10], "texture": "#main"},
				"west": {"uv": [9, 8, 7, 10], "texture": "#main", "cullface": "west"},
				"up": {"uv": [7, 0, 9, 3], "rotation": 90, "texture": "#main"},
				"down": {"uv": [9, 0, 7, 3], "rotation": 90, "texture": "#main"}
			}
		},
		{
			"from": [0, 6, 6],
			"to": [3, 8, 7],
			"rotation": {"angle": 0, "axis": "y", "origin": [8, 8, 8]},
			"faces": {
				"east": {"uv": [9, 8, 10, 10], "texture": "#main"},
				"west": {"uv": [10, 8, 9, 10], "texture": "#main", "cullface": "west"},
				"down": {"uv": [10, 0, 9, 3], "rotation": 90, "texture": "#main"}
			}
		},
		{
			"from": [0, 6, 9],
			"to": [3, 8, 10],
			"rotation": {"angle": 0, "axis": "y", "origin": [8, 8, 8]},
			"faces": {
				"east": {"uv": [6, 8, 7, 10], "texture": "#main"},
				"west": {"uv": [7, 8, 6, 10], "texture": "#main", "cullface": "west"},
				"down": {"uv": [7, 0, 6, 3], "rotation": 90, "texture": "#main"}
			}
		},
		{
			"from": [0, 10, 9],
			"to": [2, 12, 10],
			"rotation": {"angle": 0, "axis": "y", "origin": [8, 8, 8]},
			"faces": {
				"north": {"uv": [1, 4, 3, 6], "texture": "#main"},
				"south": {"uv": [3, 4, 1, 6], "texture": "#main"},
				"west": {"uv": [7, 4, 6, 6], "texture": "#main", "cullface": "west"}
			}
		},
		{
			"from": [0, 10, 6],
			"to": [2, 12, 7],
			"rotation": {"angle": 0, "axis": "y", "origin": [8, 8, 8]},
			"faces": {
				"north": {"uv": [1, 4, 3, 6], "texture": "#main"},
				"south": {"uv": [3, 4, 1, 6], "texture": "#main"},
				"west": {"uv": [10, 4, 9, 6], "texture": "#main", "cullface": "west"}
			}
		},
		{
			"from": [0, 8, 6],
			"to": [3, 10, 7],
			"rotation": {"angle": 0, "axis": "y", "origin": [8, 8, 8]},
			"faces": {
				"north": {"uv": [0, 6, 3, 8], "texture": "#main"},
				"east": {"uv": [9, 6, 10, 8], "texture": "#main"},
				"south": {"uv": [3, 6, 0, 8], "texture": "#main"},
				"west": {"uv": [10, 6, 9, 8], "texture": "#main", "cullface": "west"}
			}
		},
		{
			"from": [0, 8, 9],
			"to": [3, 10, 10],
			"rotation": {"angle": 0, "axis": "y", "origin": [8, 8, 8]},
			"faces": {
				"north": {"uv": [0, 6, 3, 8], "texture": "#main"},
				"east": {"uv": [6, 6, 7, 8], "texture": "#main"},
				"south": {"uv": [3, 6, 0, 8], "texture": "#main"},
				"west": {"uv": [7, 6, 6, 8], "texture": "#main", "cullface": "west"}
			}
		},
		{
			"from": [0, 12, 9],
			"to": [3, 13, 10],
			"rotation": {"angle": 0, "axis": "y", "origin": [8, 8, 8]},
			"faces": {
				"north": {"uv": [0, 3, 3, 4], "texture": "#main"},
				"east": {"uv": [6, 3, 7, 4], "texture": "#main"},
				"west": {"uv": [7, 3, 6, 4], "texture": "#main", "cullface": "west"}
			}
		},
		{
			"from": [0, 12, 6],
			"to": [3, 13, 7],
			"rotation": {"angle": 0, "axis": "y", "origin": [8, 8, 8]},
			"faces": {
				"east": {"uv": [9, 3, 10, 4], "texture": "#main"},
				"south": {"uv": [3, 6, 0, 7], "texture": "#main"},
				"west": {"uv": [10, 3, 9, 4], "texture": "#main", "cullface": "west"}
			}
		},
		{
			"from": [2, 10, 9],
			"to": [3, 12, 10],
			"rotation": {"angle": 0, "axis": "y", "origin": [8, 8, 8]},
			"faces": {
				"north": {"uv": [0, 2, 1, 4], "texture": "#main"},
				"east": {"uv": [6, 4, 7, 6], "texture": "#main"},
				"south": {"uv": [1, 2, 0, 4], "texture": "#main"}
			}
		},
		{
			"from": [2, 10, 6],
			"to": [3, 12, 7],
			"rotation": {"angle": 0, "axis": "y", "origin": [8, 8, 8]},
			"faces": {
				"north": {"uv": [0, 2, 1, 4], "texture": "#main"},
				"east": {"uv": [9, 4, 10, 6], "texture": "#main"},
				"south": {"uv": [1, 2, 0, 4], "texture": "#main"}
			}
		},
		{
			"from": [0, 8, 12],
			"to": [2, 11, 16],
			"rotation": {"angle": 0, "axis": "y", "origin": [8, 8, 8]},
			"faces": {
				"north": {"uv": [1, 5, 3, 8], "texture": "#main"},
				"south": {"uv": [3, 5, 1, 8], "texture": "#main", "cullface": "south"},
				"west": {"uv": [4, 5, 0, 8], "texture": "#main", "cullface": "west"}
			}
		},
		{
			"from": [2, 8, 12],
			"to": [3, 10, 16],
			"rotation": {"angle": 0, "axis": "y", "origin": [8, 8, 8]},
			"faces": {
				"north": {"uv": [0, 6, 1, 8], "texture": "#main"},
				"east": {"uv": [0, 6, 4, 8], "texture": "#main"},
				"south": {"uv": [1, 6, 0, 8], "texture": "#main", "cullface": "south"}
			}
		},
		{
			"from": [2, 10, 12],
			"to": [3, 11, 16],
			"rotation": {"angle": 0, "axis": "y", "origin": [8, 8, 8]},
			"faces": {
				"north": {"uv": [0, 3, 1, 4], "texture": "#main"},
				"east": {"uv": [0, 5, 4, 6], "texture": "#main"},
				"south": {"uv": [1, 5, 0, 6], "texture": "#main", "cullface": "south"}
			}
		},
		{
			"from": [0, 11, 12],
			"to": [3, 16, 16],
			"rotation": {"angle": 0, "axis": "y", "origin": [8, 8, 8]},
			"faces": {
				"east": {"uv": [0, 0, 4, 5], "texture": "#main"},
				"south": {"uv": [3, 0, 0, 5], "texture": "#main", "cullface": "south"},
				"west": {"uv": [4, 0, 0, 5], "texture": "#main", "cullface": "west"},
				"up": {"uv": [12, 0, 16, 3], "rotation": 90, "texture": "#main", "cullface": "up"}
			}
		},
		{
			"from": [0, 11, 11],
			"to": [2, 12, 12],
			"rotation": {"angle": 0, "axis": "y", "origin": [8, 8, 8]},
			"faces": {
				"north": {"uv": [1, 4, 3, 5], "texture": "#main"},
				"west": {"uv": [5, 4, 4, 5], "texture": "#main", "cullface": "west"},
				"down": {"uv": [12, 1, 11, 3], "rotation": 90, "texture": "#main"}
			}
		},
		{
			"from": [2, 11, 11],
			"to": [3, 12, 12],
			"rotation": {"angle": 0, "axis": "y", "origin": [8, 8, 8]},
			"faces": {
				"north": {"uv": [0, 2, 1, 3], "texture": "#main"},
				"east": {"uv": [4, 4, 5, 5], "texture": "#main"},
				"down": {"uv": [12, 0, 11, 1], "rotation": 90, "texture": "#main"}
			}
		},
		{
			"from": [0, 11, 4],
			"to": [2, 12, 5],
			"rotation": {"angle": 0, "axis": "y", "origin": [8, 8, 8]},
			"faces": {
				"south": {"uv": [3, 4, 1, 5], "texture": "#main"},
				"west": {"uv": [12, 4, 11, 5], "texture": "#main", "cullface": "west"},
				"down": {"uv": [5, 1, 4, 3], "rotation": 90, "texture": "#main"}
			}
		},
		{
			"from": [0, 12, 5],
			"to": [3, 13, 6],
			"rotation": {"angle": 0, "axis": "y", "origin": [8, 8, 8]},
			"faces": {
				"east": {"uv": [10, 3, 11, 4], "texture": "#main"},
				"west": {"uv": [11, 3, 10, 4], "texture": "#main", "cullface": "west"},
				"down": {"uv": [6, 0, 5, 3], "rotation": 90, "texture": "#main"}
			}
		},
		{
			"from": [0, 12, 10],
			"to": [3, 13, 11],
			"rotation": {"angle": 0, "axis": "y", "origin": [8, 8, 8]},
			"faces": {
				"east": {"uv": [5, 3, 7, 4], "texture": "#main"},
				"west": {"uv": [6, 3, 5, 4], "texture": "#main", "cullface": "west"},
				"down": {"uv": [11, 0, 10, 3], "rotation": 90, "texture": "#main"}
			}
		},
		{
			"from": [0, 13, 7],
			"to": [3, 16, 9],
			"rotation": {"angle": 0, "axis": "y", "origin": [8, 8, 8]},
			"faces": {
				"east": {"uv": [7, 0, 9, 3], "texture": "#main"},
				"west": {"uv": [9, 0, 7, 3], "texture": "#main", "cullface": "west"},
				"up": {"uv": [7, 0, 9, 3], "rotation": 90, "texture": "#main", "cullface": "up"},
				"down": {"uv": [9, 0, 7, 3], "rotation": 90, "texture": "#main"}
			}
		},
		{
			"from": [0, 13, 9],
			"to": [3, 16, 11],
			"rotation": {"angle": 0, "axis": "y", "origin": [8, 8, 8]},
			"faces": {
				"east": {"uv": [5, 0, 7, 3], "texture": "#main"},
				"west": {"uv": [7, 0, 5, 3], "texture": "#main", "cullface": "west"},
				"up": {"uv": [9, 0, 11, 3], "rotation": 90, "texture": "#main", "cullface": "up"}
			}
		},
		{
			"from": [0, 12, 11],
			"to": [3, 16, 12],
			"rotation": {"angle": 0, "axis": "y", "origin": [8, 8, 8]},
			"faces": {
				"east": {"uv": [4, 0, 5, 4], "texture": "#main"},
				"west": {"uv": [4, 0, 5, 4], "texture": "#main", "cullface": "west"},
				"up": {"uv": [11, 0, 12, 3], "rotation": 90, "texture": "#main", "cullface": "up"}
			}
		},
		{
			"from": [0, 12, 4],
			"to": [3, 16, 5],
			"rotation": {"angle": 0, "axis": "y", "origin": [8, 8, 8]},
			"faces": {
				"east": {"uv": [11, 0, 12, 4], "texture": "#main"},
				"west": {"uv": [11, 0, 12, 4], "texture": "#main", "cullface": "west"},
				"up": {"uv": [4, 0, 5, 3], "rotation": 90, "texture": "#main", "cullface": "up"}
			}
		},
		{
			"from": [0, 13, 5],
			"to": [3, 16, 7],
			"rotation": {"angle": 0, "axis": "y", "origin": [8, 8, 8]},
			"faces": {
				"east": {"uv": [9, 0, 11, 3], "texture": "#main"},
				"west": {"uv": [11, 0, 9, 3], "texture": "#main", "cullface": "west"},
				"up": {"uv": [5, 0, 7, 3], "rotation": 90, "texture": "#main", "cullface": "up"}
			}
		},
		{
			"from": [2, 11, 4],
			"to": [3, 12, 5],
			"rotation": {"angle": 0, "axis": "y", "origin": [8, 8, 8]},
			"faces": {
				"east": {"uv": [11, 4, 12, 5], "texture": "#main"},
				"south": {"uv": [1, 2, 0, 3], "texture": "#main"},
				"down": {"uv": [5, 0, 4, 1], "rotation": 90, "texture": "#main"}
			}
		},
		{
			"from": [0, 8, 0],
			"to": [2, 11, 4],
			"rotation": {"angle": 0, "axis": "y", "origin": [8, 8, 8]},
			"faces": {
				"north": {"uv": [1, 5, 3, 8], "texture": "#main", "cullface": "north"},
				"south": {"uv": [3, 5, 1, 8], "texture": "#main"},
				"west": {"uv": [16, 5, 12, 8], "texture": "#main", "cullface": "west"}
			}
		},
		{
			"from": [0, 11, 0],
			"to": [2, 16, 4],
			"rotation": {"angle": 0, "axis": "y", "origin": [8, 8, 8]},
			"faces": {
				"north": {"uv": [1, 0, 3, 5], "texture": "#main", "cullface": "north"},
				"west": {"uv": [16, 0, 12, 5], "texture": "#main", "cullface": "west"},
				"up": {"uv": [0, 1, 4, 3], "rotation": 90, "texture": "#main", "cullface": "up"}
			}
		}
	]
}