{
	"credit": "Made with Blockbench",
	"ambientocclusion": false,
	"textures": {
		"particle": "block/jungle_door_bottom",
		"main": "block/jungle_door_bottom"
	},
	"elements": [
		{
			"from": [1, 0, 0],
			"to": [3, 16, 16],
			"rotation": {"angle": 0, "axis": "y", "origin": [8, 8, 8]},
			"faces": {
				"north": {"uv": [3, 0, 1, 16], "texture": "#main", "cullface": "north"},
				"east": {"uv": [16, 0, 0, 16], "texture": "#main"},
				"south": {"uv": [1, 0, 3, 16], "texture": "#main", "cullface": "south"},
				"down": {"uv": [0, 15, 16, 13], "rotation": 270, "texture": "#main", "cullface": "down"}
			}
		},
		{
			"from": [0, 7, 0],
			"to": [1, 15, 16],
			"rotation": {"angle": 0, "axis": "y", "origin": [8, 8, 8]},
			"faces": {
				"north": {"uv": [1, 1, 0, 9], "texture": "#main", "cullface": "north"},
				"south": {"uv": [0, 1, 1, 9], "texture": "#main", "cullface": "south"},
				"west": {"uv": [0, 1, 16, 9], "texture": "#main", "cullface": "west"}
			}
		},
		{
			"from": [0, 0, 0],
			"to": [1, 5, 16],
			"rotation": {"angle": 0, "axis": "y", "origin": [8, 8, 8]},
			"faces": {
				"north": {"uv": [0, 11, 1, 16], "texture": "#main", "cullface": "north"},
				"south": {"uv": [0, 12, 1, 16], "texture": "#main", "cullface": "south"},
				"west": {"uv": [0, 11, 16, 16], "texture": "#main", "cullface": "west"},
				"down": {"uv": [0, 16, 16, 15], "rotation": 270, "texture": "#main", "cullface": "down"}
			}
		},
		{
			"from": [0, 15, 0],
			"to": [1, 16, 16],
			"rotation": {"angle": 0, "axis": "y", "origin": [8, 8, 8]},
			"faces": {
				"north": {"uv": [1, 0, 0, 1], "texture": "#main", "cullface": "north"},
				"south": {"uv": [0, 7, 1, 8], "texture": "#main", "cullface": "south"},
				"west": {"uv": [0, 0, 16, 1], "texture": "#main", "cullface": "west"}
			}
		},
		{
			"from": [0, 5, 0],
			"to": [1, 7, 16],
			"rotation": {"angle": 0, "axis": "y", "origin": [8, 8, 8]},
			"faces": {
				"north": {"uv": [1, 9, 0, 11], "texture": "#main", "cullface": "north"},
				"south": {"uv": [0, 11, 1, 13], "texture": "#main", "cullface": "south"},
				"west": {"uv": [0, 9, 16, 11], "texture": "#main", "cullface": "west"}
			}
		}
	]
}