{
	"credit": "Made with Blockbench",
	"ambientocclusion": false,
	"textures": {
		"particle": "block/spruce_door_bottom",
		"main": "block/spruce_door_bottom"
	},
	"elements": [
		{
			"from": [1, 0, 0],
			"to": [2, 16, 10],
			"rotation": {"angle": 0, "axis": "y", "origin": [1.5, 8, 8]},
			"faces": {
				"north": {"uv": [1, 0, 2, 16], "texture": "#main", "cullface": "north"},
				"down": {"uv": [14, 0, 15, 10], "rotation": 180, "texture": "#main", "cullface": "down"}
			}
		},
		{
			"from": [1, 0, 10],
			"to": [2, 16, 11],
			"rotation": {"angle": 0, "axis": "y", "origin": [1.5, 8, 8]},
			"faces": {
				"down": {"uv": [14, 11, 15, 12], "rotation": 180, "texture": "#main", "cullface": "down"}
			}
		},
		{
			"from": [1, 0, 11],
			"to": [2, 16, 16],
			"rotation": {"angle": 0, "axis": "y", "origin": [1.5, 8, 8]},
			"faces": {
				"south": {"uv": [2, 0, 1, 16], "texture": "#main", "cullface": "south"},
				"down": {"uv": [14, 11, 15, 16], "rotation": 180, "texture": "#main", "cullface": "down"}
			}
		},
		{
			"from": [0, 0, 0],
			"to": [1, 16, 16],
			"rotation": {"angle": 0, "axis": "y", "origin": [1.5, 8, 8]},
			"faces": {
				"north": {"uv": [2, 0, 3, 16], "texture": "#main", "cullface": "north"},
				"south": {"uv": [3, 0, 2, 16], "texture": "#main", "cullface": "south"},
				"west": {"uv": [16, 0, 0, 16], "texture": "#main", "cullface": "west"},
				"down": {"uv": [15, 0, 16, 16], "rotation": 180, "texture": "#main", "cullface": "down"}
			}
		},
		{
			"from": [2, 6, 0],
			"to": [3, 15, 16],
			"rotation": {"angle": 0, "axis": "y", "origin": [1.5, 8, 8]},
			"faces": {
				"north": {"uv": [0, 1, 1, 10], "texture": "#main", "cullface": "north"},
				"east": {"uv": [0, 1, 16, 10], "texture": "#main"},
				"south": {"uv": [1, 1, 0, 10], "texture": "#main", "cullface": "south"}
			}
		},
		{
			"from": [2, 0, 0],
			"to": [3, 4, 1],
			"rotation": {"angle": 0, "axis": "y", "origin": [1.5, 8, 8]},
			"faces": {
				"north": {"uv": [0, 12, 1, 16], "texture": "#main", "cullface": "north"},
				"east": {"uv": [15, 12, 16, 16], "texture": "#main"},
				"down": {"uv": [13, 0, 14, 1], "rotation": 180, "texture": "#main", "cullface": "down"}
			}
		},
		{
			"from": [2, 0, 1],
			"to": [3, 4, 3],
			"rotation": {"angle": 0, "axis": "y", "origin": [1.5, 8, 8]},
			"faces": {
				"east": {"uv": [13, 12, 15, 16], "texture": "#main"},
				"down": {"uv": [13, 7, 14, 9], "rotation": 180, "texture": "#main", "cullface": "down"}
			}
		},
		{
			"from": [2, 0, 3],
			"to": [3, 4, 10],
			"rotation": {"angle": 0, "axis": "y", "origin": [1.5, 8, 8]},
			"faces": {
				"east": {"uv": [6, 12, 13, 16], "texture": "#main"},
				"down": {"uv": [13, 3, 14, 10], "rotation": 180, "texture": "#main", "cullface": "down"}
			}
		},
		{
			"from": [2, 0, 11],
			"to": [3, 4, 16],
			"rotation": {"angle": 0, "axis": "y", "origin": [1.5, 8, 8]},
			"faces": {
				"east": {"uv": [0, 12, 5, 16], "texture": "#main"},
				"south": {"uv": [0, 12, 1, 16], "texture": "#main", "cullface": "south"},
				"down": {"uv": [13, 11, 14, 16], "rotation": 180, "texture": "#main", "cullface": "down"}
			}
		},
		{
			"from": [2, 0, 10],
			"to": [3, 4, 11],
			"rotation": {"angle": 0, "axis": "y", "origin": [1.5, 8, 8]},
			"faces": {
				"east": {"uv": [5, 12, 6, 16], "texture": "#main"},
				"down": {"uv": [13, 9, 14, 10], "rotation": 180, "texture": "#main", "cullface": "down"}
			}
		},
		{
			"from": [2, 15, 0],
			"to": [3, 16, 16],
			"rotation": {"angle": 0, "axis": "y", "origin": [1.5, 8, 8]},
			"faces": {
				"north": {"uv": [0, 7, 1, 8], "texture": "#main", "cullface": "north"},
				"east": {"uv": [0, 0, 16, 1], "texture": "#main"},
				"south": {"uv": [1, 0, 0, 1], "texture": "#main", "cullface": "south"}
			}
		},
		{
			"from": [2, 4, 0],
			"to": [3, 6, 16],
			"rotation": {"angle": 0, "axis": "y", "origin": [1.5, 8, 8]},
			"faces": {
				"north": {"uv": [0, 5, 1, 7], "texture": "#main", "cullface": "north"},
				"east": {"uv": [0, 10, 16, 12], "texture": "#main"},
				"south": {"uv": [1, 10, 0, 12], "texture": "#main", "cullface": "south"}
			}
		}
	]
}