{
  "type": "minecraft:multi_action",
  "title": {
    "text": "Apt 3 Music Control"
  },
  "body": [
    {
      "type": "minecraft:plain_message",
      "contents": {
        "text": "In the mood to jam out? EBM Industries has you covered with it's state-of-the-art Aura music system!",
        "color": "green",
        "bold": false
      }
    }
  ],
  "inputs": [
    {
      "type": "minecraft:number_range",
      "key": "volmax",
      "label": "Volume",
      "start": 0.1,
      "end": 5,
      "step": 0.1,
      "initial": 0.1
    },
    {
      "type": "minecraft:number_range",
      "key": "pitch",
      "label": "Pitch",
      "start": 0.5,
      "end": 2,
      "step": 0.1,
      "initial": 1
    }
  ],
  "can_close_with_escape": true,
  "exit_action": {
    "label": {
      "text": "Exit Music Control",
      "color": "red"
    }
  },
  "columns": 2,
  "actions": [
    {
      "label": {
        "text": "Stop Player",
        "color": "red"
      },
      "width": 200,
      "action": {
        "type": "minecraft:run_command",
        "command": "function aureliacitylights:odeszaapt3ebmsystemstopplayer"
      }
    },
    {
      "label": "The Weeknd - Timeless (ft. Playboi Carti)",
      "width": 200,
      "action": {
        "type": "minecraft:dynamic/run_command",
        "template": "function aureliacitylights:odeszaapt3ebmsystemtimeless {volmax: $(volmax),pitch: $(pitch),volmin:0.1}"
      }
    },
    {
      "label": "The Weeknd - The Hills",
      "width": 200,
      "action": {
        "type": "minecraft:dynamic/run_command",
        "template": "function aureliacitylights:odeszaapt3ebmsystemthehills {volmax: $(volmax),pitch: $(pitch),volmin:0.1}"
      }
    },
    {
      "label": "The Weeknd - Save Your Tears (Remix) (ft. Ariana Grande)",
      "width": 200,
      "action": {
        "type": "minecraft:dynamic/run_command",
        "template": "function aureliacitylights:odeszaapt3ebmsystemsaveyourtearsremix {volmax: $(volmax),pitch: $(pitch),volmin:0.1}"
      }
    },
    {
      "label": "The Weeknd - Take My Breath",
      "width": 200,
      "action": {
        "type": "minecraft:dynamic/run_command",
        "template": "function aureliacitylights:odeszaapt3ebmsystemtakemybreath {volmax: $(volmax),pitch: $(pitch),volmin:0.1}"
      }
    },
    {
      "label": "The Weeknd - São Paulo (ft. Anitta)",
      "width": 200,
      "action": {
        "type": "minecraft:dynamic/run_command",
        "template": "function aureliacitylights:odeszaapt3ebmsystemsaopaulo {volmax: $(volmax),pitch: $(pitch),volmin:0.1}"
      }
    },
    {
      "label": "J. Cole - m y . l i f e (ft. 21 Savage, Morray)",
      "width": 200,
      "action": {
        "type": "minecraft:dynamic/run_command",
        "template": "function aureliacitylights:odeszaapt3ebmsystemmylife {volmax: $(volmax),pitch: $(pitch),volmin:0.1}"
      }
    },
    {
      "label": "J. Cole - No Role Modelz",
      "width": 200,
      "action": {
        "type": "minecraft:dynamic/run_command",
        "template": "function aureliacitylights:odeszaapt3ebmsystemnorolemodelz {volmax: $(volmax),pitch: $(pitch),volmin:0.1}"
      }
    },
    {
      "label": "21 Savage - A Lot (ft. J. Cole)",
      "width": 200,
      "action": {
        "type": "minecraft:dynamic/run_command",
        "template": "function aureliacitylights:odeszaapt3ebmsystemalot {volmax: $(volmax),pitch: $(pitch),volmin:0.1}"
      }
    },
    {
      "label": "Kendrick Lamar - luther (ft. sza)",
      "width": 200,
      "action": {
        "type": "minecraft:dynamic/run_command",
        "template": "function aureliacitylights:odeszaapt3ebmsystemluther {volmax: $(volmax),pitch: $(pitch),volmin:0.1}"
      }
    },
    {
      "label": "Kendrick Lamar - DNA",
      "width": 200,
      "action": {
        "type": "minecraft:dynamic/run_command",
        "template": "function aureliacitylights:odeszaapt3ebmsystemdna {volmax: $(volmax),pitch: $(pitch),volmin:0.1}"
      }
    },
    {
      "label": "Travis Scott - FRANCHISE (ft. Young Thug, M.I.A.)",
      "width": 200,
      "action": {
        "type": "minecraft:dynamic/run_command",
        "template": "function aureliacitylights:odeszaapt3ebmsystemfranchise {volmax: $(volmax),pitch: $(pitch),volmin:0.1}"
      }
    },
    {
      "label": "Westside Connection - Bow Down",
      "width": 200,
      "action": {
        "type": "minecraft:dynamic/run_command",
        "template": "function aureliacitylights:odeszaapt3ebmsystembowdown {volmax: $(volmax),pitch: $(pitch),volmin:0.1}"
      }
    },
    {
      "label": "Sabrina Carpenter - Espresso",
      "width": 200,
      "action": {
        "type": "minecraft:dynamic/run_command",
        "template": "function aureliacitylights:odeszaapt3ebmsystemespresso {volmax: $(volmax),pitch: $(pitch),volmin:0.1}"
      }
    },
    {
      "label": "Dua Lipa - Don't Start Now",
      "width": 200,
      "action": {
        "type": "minecraft:dynamic/run_command",
        "template": "function aureliacitylights:odeszaapt3ebmsystemdontstartnow {volmax: $(volmax),pitch: $(pitch),volmin:0.1}"
      }
    },
    {
      "label": "Chief Keef - Love Sosa",
      "width": 200,
      "action": {
        "type": "minecraft:dynamic/run_command",
        "template": "function aureliacitylights:odeszaapt3ebmsystemlovesosa {volmax: $(volmax),pitch: $(pitch),volmin:0.1}"
      }
    },
    {
      "label": "King Von - Took Her To The O",
      "width": 200,
      "action": {
        "type": "minecraft:dynamic/run_command",
        "template": "function aureliacitylights:odeszaapt3ebmsystemtookhertotheo {volmax: $(volmax),pitch: $(pitch),volmin:0.1}"
      }
    },
    {
      "label": "Taylor Swift - Style (Taylor's Version)",
      "width": 200,
      "action": {
        "type": "minecraft:dynamic/run_command",
        "template": "function aureliacitylights:odeszaapt3ebmsystemstyle {volmax: $(volmax),pitch: $(pitch),volmin:0.1}"
      }
    },
    {
      "label": "Dua Lipa - Dance The Night",
      "width": 200,
      "action": {
        "type": "minecraft:dynamic/run_command",
        "template": "function aureliacitylights:odeszaapt3ebmsystemdancethenight {volmax: $(volmax),pitch: $(pitch),volmin:0.1}"
      }
    },
    {
      "label": "Yeat - If We Being Rëal",
      "width": 200,
      "action": {
        "type": "minecraft:dynamic/run_command",
        "template": "function aureliacitylights:odeszaapt3ebmsystemifwebeingreal {volmax: $(volmax),pitch: $(pitch),volmin:0.1}"
      }
    },
    {
      "label": "Katy Perry - Teenage Dream",
      "width": 200,
      "action": {
        "type": "minecraft:dynamic/run_command",
        "template": "function aureliacitylights:odeszaapt3ebmsystemteenagedream {volmax: $(volmax),pitch: $(pitch),volmin:0.1}"
      }
    },
    {
      "label": "Roddy Ricch - The Box",
      "width": 200,
      "action": {
        "type": "minecraft:dynamic/run_command",
        "template": "function aureliacitylights:odeszaapt3ebmsystemthebox {volmax: $(volmax),pitch: $(pitch),volmin:0.1}"
      }
    },
    {
      "label": "King Von - Crazy Story (Remix) (ft. Lil Durk)",
      "width": 200,
      "action": {
        "type": "minecraft:dynamic/run_command",
        "template": "function aureliacitylights:odeszaapt3ebmsystemcrazystory {volmax: $(volmax),pitch: $(pitch),volmin:0.1}"
      }
    },
    {
      "label": "Dua Lipa - Training Season",
      "width": 200,
      "action": {
        "type": "minecraft:dynamic/run_command",
        "template": "function aureliacitylights:odeszaapt3ebmsystemtrainingseason {volmax: $(volmax),pitch: $(pitch),volmin:0.1}"
      }
    }
  ]
}