{
  "type": "minecraft:multi_action",
  "title": "Apt 3 Controls",
  "can_close_with_escape": true,
  "exit_action": {
    "label": {
      "text": "Exit Controls",
      "color": "red"
    }
  },
  "columns": 1,
  "actions": [
    {
      "label": "Light Controls",
      "action": {
        "type": "minecraft:show_dialog",
        "dialog": {
          "type": "minecraft:multi_action",
          "title": "Apt 3 Light Controls",
          "can_close_with_escape": true,
          "exit_action": {
            "label": {
              "text": "Exit Light Controls",
              "color": "red"
            },
            "action": {
              "type": "minecraft:run_command",
              "command": "dialog show @p aureliacitylights:odeszaapt3controls"
            }
          },
          "columns": 3,
          "actions": [
            {
              "label": "Living Room",
              "action": {
                "type": "minecraft:run_command",
                "command": "dialog show @s aureliacitylights:odeszaapt3controls"
              }
            },
            {
              "label": {
                "text": "On",
                "color": "green"
              },
              "action": {
                "type": "minecraft:run_command",
                "command": "function aureliacitylights:odeszaapt03mainlightson"
              }
            },
            {
              "label": {
                "text": "Off",
                "color": "red"
              },
              "action": {
                "type": "minecraft:run_command",
                "command": "function aureliacitylights:odeszaapt03mainlightsoff"
              }
            },
            {
              "label": "Kitchen",
              "action": {
                "type": "minecraft:run_command",
                "command": "dialog show @s aureliacitylights:odeszaapt3controls"
              }
            },
            {
              "label": {
                "text": "On",
                "color": "green"
              },
              "action": {
                "type": "minecraft:run_command",
                "command": "function aureliacitylights:odeszaapt03kitchenlightson"
              }
            },
            {
              "label": {
                "text": "Off",
                "color": "red"
              },
              "action": {
                "type": "minecraft:run_command",
                "command": "function aureliacitylights:odeszaapt03kitchenlightsoff"
              }
            },
            {
              "label": "Bedroom",
              "action": {
                "type": "minecraft:run_command",
                "command": "dialog show @s aureliacitylights:odeszaapt3controls"
              }
            },
            {
              "label": {
                "text": "On",
                "color": "green"
              },
              "action": {
                "type": "minecraft:run_command",
                "command": "function aureliacitylights:odeszaapt03bedroomlightson"
              }
            },
            {
              "label": {
                "text": "Off",
                "color": "red"
              },
              "action": {
                "type": "minecraft:run_command",
                "command": "function aureliacitylights:odeszaapt03bedroomlightsoff"
              }
            },
            {
              "label": "Bathroom",
              "action": {
                "type": "minecraft:run_command",
                "command": "dialog show @s aureliacitylights:odeszaapt3controls"
              }
            },
            {
              "label": {
                "text": "On",
                "color": "green"
              },
              "action": {
                "type": "minecraft:run_command",
                "command": "function aureliacitylights:odeszaapt03bathroomlightson"
              }
            },
            {
              "label": {
                "text": "Off",
                "color": "red"
              },
              "action": {
                "type": "minecraft:run_command",
                "command": "function aureliacitylights:odeszaapt03bathroomlightsoff"
              }
            },
            {
              "label": "All",
              "action": {
                "type": "minecraft:run_command",
                "command": "dialog show @s aureliacitylights:odeszaapt3controls"
              }
            },
            {
              "label": {
                "text": "On",
                "color": "green"
              },
              "action": {
                "type": "minecraft:run_command",
                "command": "function aureliacitylights:odeszaapt03alllightson"
              }
            },
            {
              "label": {
                "text": "Off",
                "color": "red"
              },
              "action": {
                "type": "minecraft:run_command",
                "command": "function aureliacitylights:odeszaapt03alllightsoff"
              }
            }
          ]
        }
      }
    },
    {
      "label": "Music Controls",
      "action": {
        "type": "minecraft:show_dialog",
        "dialog": {
          "type": "minecraft:multi_action",
          "title": "Apt 3 Music Controls",
          "body": {
            "type": "minecraft:plain_message",
            "contents": {
              "text": "In the mood to jam out? EBM Industries has you covered with it's state-of-the-art Aura music system!",
              "color": "green"
            }
          },
          "inputs": [
            {
              "type": "minecraft:number_range",
              "key": "volmax",
              "label": "Volume",
              "start": 0.1,
              "end": 5,
              "step": 0.1,
              "initial": 0.1
            },
            {
              "type": "minecraft:number_range",
              "key": "pitch",
              "label": "Pitch",
              "start": 0.5,
              "end": 2,
              "step": 0.1,
              "initial": 1
            }
          ],
          "can_close_with_escape": true,
          "exit_action": {
            "label": {
              "text": "Exit Music Control",
              "color": "red"
            },
            "action": {
              "type": "minecraft:run_command",
              "command": "dialog show @p aureliacitylights:odeszaapt3controls"
            }
          },
          "columns": 2,
          "actions": [
            {
              "label": {
                "text": "Stop Player",
                "color": "red"
              },
              "width": 200,
              "action": {
                "type": "minecraft:run_command",
                "command": "function aureliacitylights:odeszaapt3ebmsystemstopplayer"
              }
            },
            {
              "label": "The Weeknd - Timeless (ft. Playboi Carti)",
              "width": 200,
              "action": {
                "type": "minecraft:dynamic/run_command",
                "template": "function aureliacitylights:odeszaapt3ebmsystem {song:theweekndplayboicartitimelessfeatplayboicarti,volmax: $(volmax),pitch: $(pitch),volmin:0.1}"
              }
            },
            {
              "label": "The Weeknd - The Hills",
              "width": 200,
              "action": {
                "type": "minecraft:dynamic/run_command",
                "template": "function aureliacitylights:odeszaapt3ebmsystem {song:theweekndthehills,volmax: $(volmax),pitch: $(pitch),volmin:0.1}"
              }
            },
            {
              "label": "The Weeknd - Save Your Tears (Remix) (ft. Ariana Grande)",
              "width": 200,
              "action": {
                "type": "minecraft:dynamic/run_command",
                "template": "function aureliacitylights:odeszaapt3ebmsystem {song:theweekndarianagrandesaveyourtearswitharianagranderemix,volmax: $(volmax),pitch: $(pitch),volmin:0.1}"
              }
            },
            {
              "label": "The Weeknd - Take My Breath",
              "width": 200,
              "action": {
                "type": "minecraft:dynamic/run_command",
                "template": "function aureliacitylights:odeszaapt3ebmsystem {song:theweekndtakemybreath,volmax: $(volmax),pitch: $(pitch),volmin:0.1}"
              }
            },
            {
              "label": "The Weeknd - São Paulo (ft. Anitta)",
              "width": 200,
              "action": {
                "type": "minecraft:dynamic/run_command",
                "template": "function aureliacitylights:odeszaapt3ebmsystem {song:theweekndanittasopaulofeatanitta,volmax: $(volmax),pitch: $(pitch),volmin:0.1}"
              }
            },
            {
              "label": "J. Cole - m y . l i f e (ft. 21 Savage, Morray)",
              "width": 200,
              "action": {
                "type": "minecraft:dynamic/run_command",
                "template": "function aureliacitylights:odeszaapt3ebmsystem {song:jcoletwoonesavagemorraymylifewithtwoonesavagemorray,volmax: $(volmax),pitch: $(pitch),volmin:0.1}"
              }
            },
            {
              "label": "J. Cole - No Role Modelz",
              "width": 200,
              "action": {
                "type": "minecraft:dynamic/run_command",
                "template": "function aureliacitylights:odeszaapt3ebmsystem {song:jcolenorolemodelz,volmax: $(volmax),pitch: $(pitch),volmin:0.1}"
              }
            },
            {
              "label": "21 Savage - A Lot (ft. J. Cole)",
              "width": 200,
              "action": {
                "type": "minecraft:dynamic/run_command",
                "template": "function aureliacitylights:odeszaapt3ebmsystem {song:twoonesavagealot,volmax: $(volmax),pitch: $(pitch),volmin:0.1}"
              }
            },
            {
              "label": "Kendrick Lamar - luther (ft. sza)",
              "width": 200,
              "action": {
                "type": "minecraft:dynamic/run_command",
                "template": "function aureliacitylights:odeszaapt3ebmsystem {song:kendricklamarszalutherwithsza,volmax: $(volmax),pitch: $(pitch),volmin:0.1}"
              }
            },
            {
              "label": "Kendrick Lamar - DNA",
              "width": 200,
              "action": {
                "type": "minecraft:dynamic/run_command",
                "template": "function aureliacitylights:odeszaapt3ebmsystem {song:kendricklamardna,volmax: $(volmax),pitch: $(pitch),volmin:0.1}"
              }
            },
            {
              "label": "Travis Scott - FRANCHISE (ft. Young Thug, M.I.A.)",
              "width": 200,
              "action": {
                "type": "minecraft:dynamic/run_command",
                "template": "function aureliacitylights:odeszaapt3ebmsystem {song:travisscottfranchisewithoutmia,volmax: $(volmax),pitch: $(pitch),volmin:0.1}"
              }
            },
            {
              "label": "Westside Connection - Bow Down",
              "width": 200,
              "action": {
                "type": "minecraft:dynamic/run_command",
                "template": "function aureliacitylights:odeszaapt3ebmsystem {song:westsideconnectionbowdown,volmax: $(volmax),pitch: $(pitch),volmin:0.1}"
              }
            },
            {
              "label": "Sabrina Carpenter - Espresso",
              "width": 200,
              "action": {
                "type": "minecraft:dynamic/run_command",
                "template": "function aureliacitylights:odeszaapt3ebmsystem2 {song:sabrinacarpenterespresso,volmax: $(volmax),pitch: $(pitch),volmin:0.1}"
              }
            },
            {
              "label": "Dua Lipa - Don't Start Now",
              "width": 200,
              "action": {
                "type": "minecraft:dynamic/run_command",
                "template": "function aureliacitylights:odeszaapt3ebmsystem2 {song:dualipadontstartnow,volmax: $(volmax),pitch: $(pitch),volmin:0.1}"
              }
            },
            {
              "label": "Chief Keef - Love Sosa",
              "width": 200,
              "action": {
                "type": "minecraft:dynamic/run_command",
                "template": "function aureliacitylights:odeszaapt3ebmsystem2 {song:chiefkeeflovesosa,volmax: $(volmax),pitch: $(pitch),volmin:0.1}"
              }
            },
            {
              "label": "King Von - Took Her To The O",
              "width": 200,
              "action": {
                "type": "minecraft:dynamic/run_command",
                "template": "function aureliacitylights:odeszaapt3ebmsystem2 {song:kingvontookhertotheo,volmax: $(volmax),pitch: $(pitch),volmin:0.1}"
              }
            },
            {
              "label": "Taylor Swift - Style (Taylor's Version)",
              "width": 200,
              "action": {
                "type": "minecraft:dynamic/run_command",
                "template": "function aureliacitylights:odeszaapt3ebmsystem2 {song:taylorswiftstyletaylorsversion,volmax: $(volmax),pitch: $(pitch),volmin:0.1}"
              }
            },
            {
              "label": "Dua Lipa - Dance The Night",
              "width": 200,
              "action": {
                "type": "minecraft:dynamic/run_command",
                "template": "function aureliacitylights:odeszaapt3ebmsystem2 {song:dualipadancethenight,volmax: $(volmax),pitch: $(pitch),volmin:0.1}"
              }
            },
            {
              "label": "Yeat - If We Being Rëal",
              "width": 200,
              "action": {
                "type": "minecraft:dynamic/run_command",
                "template": "function aureliacitylights:odeszaapt3ebmsystem2 {song:yeatifwebeingreal,volmax: $(volmax),pitch: $(pitch),volmin:0.1}"
              }
            },
            {
              "label": "Katy Perry - Teenage Dream",
              "width": 200,
              "action": {
                "type": "minecraft:dynamic/run_command",
                "template": "function aureliacitylights:odeszaapt3ebmsystem2 {song:katyperryteenagedream,volmax: $(volmax),pitch: $(pitch),volmin:0.1}"
              }
            },
            {
              "label": "Roddy Ricch - The Box",
              "width": 200,
              "action": {
                "type": "minecraft:dynamic/run_command",
                "template": "function aureliacitylights:odeszaapt3ebmsystem2 {song:roddyricchthebox,volmax: $(volmax),pitch: $(pitch),volmin:0.1}"
              }
            },
            {
              "label": "King Von - Crazy Story (Remix) (ft. Lil Durk)",
              "width": 200,
              "action": {
                "type": "minecraft:dynamic/run_command",
                "template": "function aureliacitylights:odeszaapt3ebmsystem2 {song:kingvonlildurkcrazystorytwo,volmax: $(volmax),pitch: $(pitch),volmin:0.1}"
              }
            },
            {
              "label": "Dua Lipa - Training Season",
              "width": 200,
              "action": {
                "type": "minecraft:dynamic/run_command",
                "template": "function aureliacitylights:odeszaapt3ebmsystem2 {song:dualipatrainingseason,volmax: $(volmax),pitch: $(pitch),volmin:0.1}"
              }
            },
            {
              "label": "King Von - All These N****s (ft. Lil Durk)",
              "width": 200,
              "action": {
                "type": "minecraft:dynamic/run_command",
                "template": "function aureliacitylights:odeszaapt3ebmsystem2 {song:kingvonlildurkalltheseniggas,volmax: $(volmax),pitch: $(pitch),volmin:0.1}"
              }
            },
            {
              "label": "Ariana Grande - bloodline",
              "width": 200,
              "action": {
                "type": "minecraft:dynamic/run_command",
                "template": "function aureliacitylights:odeszaapt3ebmsystem2 {song:arianagrandebloodline,volmax: $(volmax),pitch: $(pitch),volmin:0.1}"
              }
            },
            {
              "label": "Dua Lipa - Levitating",
              "width": 200,
              "action": {
                "type": "minecraft:dynamic/run_command",
                "template": "function aureliacitylights:odeszaapt3ebmsystem2 {song:dualipalevitating,volmax: $(volmax),pitch: $(pitch),volmin:0.1}"
              }
            },
            {
              "label": "Lil Durk - All My Life (ft. J. Cole)",
              "width": 200,
              "action": {
                "type": "minecraft:dynamic/run_command",
                "template": "function aureliacitylights:odeszaapt3ebmsystem2 {song:lildurkjcoleallmylife,volmax: $(volmax),pitch: $(pitch),volmin:0.1}"
              }
            },
            {
              "label": "Taylor Swift - All You Had To Do Was Stay (Taylor's Version)",
              "width": 200,
              "action": {
                "type": "minecraft:dynamic/run_command",
                "template": "function aureliacitylights:odeszaapt3ebmsystem2 {song:taylorswiftallyouhadtodowasstaytaylorsversion,volmax: $(volmax),pitch: $(pitch),volmin:0.1}"
              }
            },
            {
              "label": "Taylor Swift - Clean (Taylor's Version)",
              "width": 200,
              "action": {
                "type": "minecraft:dynamic/run_command",
                "template": "function aureliacitylights:odeszaapt3ebmsystem2 {song:taylorswiftcleantaylorsversion,volmax: $(volmax),pitch: $(pitch),volmin:0.1}"
              }
            },
            {
              "label": "Dua Lipa - Love Again",
              "width": 200,
              "action": {
                "type": "minecraft:dynamic/run_command",
                "template": "function aureliacitylights:odeszaapt3ebmsystem2 {song:dualipaloveagain,volmax: $(volmax),pitch: $(pitch),volmin:0.1}"
              }
            },
            {
              "label": "King Von - When I Die",
              "width": 200,
              "action": {
                "type": "minecraft:dynamic/run_command",
                "template": "function aureliacitylights:odeszaapt3ebmsystem2 {song:kingvonwhenidie,volmax: $(volmax),pitch: $(pitch),volmin:0.1}"
              }
            },
            {
              "label": "King Von, Lil Durk - Still Trappin'",
              "width": 200,
              "action": {
                "type": "minecraft:dynamic/run_command",
                "template": "function aureliacitylights:odeszaapt3ebmsystem2 {song:kingvonlildurkstilltrappin,volmax: $(volmax),pitch: $(pitch),volmin:0.1}"
              }
            },
            {
              "label": "King Von, Lil Durk - Evil Twins",
              "width": 200,
              "action": {
                "type": "minecraft:dynamic/run_command",
                "template": "function aureliacitylights:odeszaapt3ebmsystem2 {song:kingvonlildurkeviltwins,volmax: $(volmax),pitch: $(pitch),volmin:0.1}"
              }
            },
            {
              "label": "Lil Durk - Kukuman",
              "width": 200,
              "action": {
                "type": "minecraft:dynamic/run_command",
                "template": "function aureliacitylights:odeszaapt3ebmsystem2 {song:lildurkkukuman,volmax: $(volmax),pitch: $(pitch),volmin:0.1}"
              }
            }
          ]
        }
      }
    },
    {
      "label": "TV Controls",
      "action": {
        "type": "minecraft:show_dialog",
        "dialog": {
          "type": "minecraft:multi_action",
          "title": "Apt 3 TV Controls",
          "can_close_with_escape": true,
          "exit_action": {
            "label": {
              "text": "Exit TV Control",
              "color": "red"
            },
            "action": {
              "type": "minecraft:run_command",
              "command": "dialog show @p aureliacitylights:odeszaapt3controls"
            }
          },
          "columns": 2,
          "actions": [
            {
              "label": {
                "text": "On",
                "color": "green"
              },
              "action": {
                "type": "minecraft:run_command",
                "command": "function aureliacitylights:odeszaapt03tvon"
              }
            },
            {
              "label": {
                "text": "Off",
                "color": "red"
              },
              "action": {
                "type": "minecraft:run_command",
                "command": "function aureliacitylights:odeszaapt03tvoff"
              }
            },
            {
              "label": "EBMtv",
              "action": {
                "type": "minecraft:run_command",
                "command": "function aureliacitylights:odeszaapt03tvebmtv"
              }
            },
            {
              "label": "Disney+",
              "action": {
                "type": "minecraft:run_command",
                "command": "function aureliacitylights:odeszaapt03tvdisneyplus"
              }
            },
            {
              "label": "Top Gear",
              "action": {
                "type": "minecraft:run_command",
                "command": "function aureliacitylights:odeszaapt03tvtopgear"
              }
            },
            {
              "label": "YouTube",
              "action": {
                "type": "minecraft:run_command",
                "command": "function aureliacitylights:odeszaapt03tvyoutube"
              }
            },
            {
              "label": "FMovies",
              "action": {
                "type": "minecraft:run_command",
                "command": "function aureliacitylights:odeszaapt03tvfmovies"
              }
            }
          ]
        }
      }
    }
  ]
}