{
  "type": "minecraft:multi_action",
  "title": "ODESZA Apartments Elevator",
  "body": {
    "type": "minecraft:plain_message",
    "contents": {
      "text": "Navigate ODESZA Apartments with the Uplift System developed by EBM Industries!"
    }
  },
  "can_close_with_escape": true,
  "exit_action": {
    "label": {
      "text": "Exit Menu",
      "color": "red"
    }
  },
  "columns": 1,
  "actions": [
    {
      "label": "Lobby",
      "action": {
        "type": "minecraft:run_command",
        "command": "tp @p -3146 75 1018 270 0"
      }
    },
    {
      "label": "Apartments",
      "action": {
        "type": "minecraft:run_command",
        "command": "tp @p -3152 103 1018 180 0"
      }
    },
    {
      "label": "Rooftop",
      "action": {
        "type": "minecraft:run_command",
        "command": "tp @p -3140 114 1016 0 0"
      }
    }
  ]
}