{
  "type": "minecraft:multi_action",
  "title": "Apt 3 Light Control Module",
  "can_close_with_escape": true,
  "exit_action": {
    "label": {
      "text": "Exit Light Control",
      "color": "red"
    }
  },
  "columns": 3,
  "actions": [
    {
      "label": "Living Room",
      "width": 75,
      "action": {
        "type": "minecraft:run_command",
        "command": "dialog show @p aureliacitylights:odeszaapt3lightcontrols"
      }
    },
    {
      "label": {
        "text": "On",
        "color": "green"
      },
      "action": {
        "type": "minecraft:run_command",
        "command": "function aureliacitylights:odeszaapt03mainlightson"
      }
    },
    {
      "label": {
        "text": "Off",
        "color": "red"
      },
      "action": {
        "type": "minecraft:run_command",
        "command": "function aureliacitylights:odeszaapt03mainlightsoff"
      }
    },
    {
      "label": "Kitchen",
      "width": 75,
      "action": {
        "type": "minecraft:run_command",
        "command": "dialog show @p aureliacitylights:odeszaapt3lightcontrols"
      }
    },
    {
      "label": {
        "text": "On",
        "color": "green"
      },
      "action": {
        "type": "minecraft:run_command",
        "command": "function aureliacitylights:odeszaapt03kitchenlightson"
      }
    },
    {
      "label": {
        "text": "Off",
        "color": "red"
      },
      "action": {
        "type": "minecraft:run_command",
        "command": "function aureliacitylights:odeszaapt03kitchenlightsoff"
      }
    },
    {
      "label": "Bedroom",
      "width": 75,
      "action": {
        "type": "minecraft:run_command",
        "command": "dialog show @p aureliacitylights:odeszaapt3lightcontrols"
      }
    },
    {
      "label": {
        "text": "On",
        "color": "green"
      },
      "action": {
        "type": "minecraft:run_command",
        "command": "function aureliacitylights:odeszaapt03bedroomlightson"
      }
    },
    {
      "label": {
        "text": "Off",
        "color": "red"
      },
      "action": {
        "type": "minecraft:run_command",
        "command": "function aureliacitylights:odeszaapt03bedroomlightsoff"
      }
    },
    {
      "label": "Bathroom",
      "width": 75,
      "action": {
        "type": "minecraft:run_command",
        "command": "dialog show @p aureliacitylights:odeszaapt3lightcontrols"
      }
    },
    {
      "label": {
        "text": "On",
        "color": "green"
      },
      "action": {
        "type": "minecraft:run_command",
        "command": "function aureliacitylights:odeszaapt03bathroomlightson"
      }
    },
    {
      "label": {
        "text": "Off",
        "color": "red"
      },
      "action": {
        "type": "minecraft:run_command",
        "command": "function aureliacitylights:odeszaapt03bathroomlightsoff"
      }
    },
    {
      "label": "All",
      "width": 75,
      "action": {
        "type": "minecraft:run_command",
        "command": "dialog show @p aureliacitylights:odeszaapt3lightcontrols"
      }
    },
    {
      "label": {
        "text": "On",
        "color": "green"
      },
      "action": {
        "type": "minecraft:run_command",
        "command": "function aureliacitylights:odeszaapt03alllightson"
      }
    },
    {
      "label": {
        "text": "Off",
        "color": "red"
      },
      "action": {
        "type": "minecraft:run_command",
        "command": "function aureliacitylights:odeszaapt03alllightsoff"
      }
    }
  ]
}