{
  "type": "minecraft:multi_action",
  "title": "Apt 2 Light Control Module",
  "can_close_with_escape": true,
  "exit_action": {
    "label": {
      "text": "Exit Light Control",
      "color": "red"
    }
  },
  "columns": 3,
  "actions": [
    {
      "label": "Main",
      "width": 75,
      "action": {
        "type": "minecraft:run_command",
        "command": "dialog show @p aureliacitylights:odeszaapt2lightcontrols"
      }
    },
    {
      "label": {
        "text": "On",
        "color": "green"
      },
      "action": {
        "type": "minecraft:run_command",
        "command": "function aureliacitylights:odeszaapt02mainlightson"
      }
    },
    {
      "label": {
        "text": "Off",
        "color": "red"
      },
      "action": {
        "type": "minecraft:run_command",
        "command": "function aureliacitylights:odeszaapt02mainlightsoff"
      }
    },
    {
      "label": "Kitchen",
      "width": 75,
      "action": {
        "type": "minecraft:run_command",
        "command": "dialog show @p aureliacitylights:odeszaapt2lightcontrols"
      }
    },
    {
      "label": {
        "text": "On",
        "color": "green"
      },
      "action": {
        "type": "minecraft:run_command",
        "command": "function aureliacitylights:odeszaapt02kitchenlightson"
      }
    },
    {
      "label": {
        "text": "Off",
        "color": "red"
      },
      "action": {
        "type": "minecraft:run_command",
        "command": "function aureliacitylights:odeszaapt02kitchenlightsoff"
      }
    },
    {
      "label": "Nightlights",
      "width": 75,
      "action": {
        "type": "minecraft:run_command",
        "command": "dialog show @p aureliacitylights:odeszaapt2lightcontrols"
      }
    },
    {
      "label": {
        "text": "On",
        "color": "green"
      },
      "action": {
        "type": "minecraft:run_command",
        "command": "function aureliacitylights:odeszaapt02nightlightson"
      }
    },
    {
      "label": {
        "text": "Off",
        "color": "red"
      },
      "action": {
        "type": "minecraft:run_command",
        "command": "function aureliacitylights:odeszaapt02nightlightsoff"
      }
    },
    {
      "label": "Bathroom",
      "width": 75,
      "action": {
        "type": "minecraft:run_command",
        "command": "dialog show @p aureliacitylights:odeszaapt2lightcontrols"
      }
    },
    {
      "label": {
        "text": "On",
        "color": "green"
      },
      "action": {
        "type": "minecraft:run_command",
        "command": "function aureliacitylights:odeszaapt02bathroomlightson"
      }
    },
    {
      "label": {
        "text": "Off",
        "color": "red"
      },
      "action": {
        "type": "minecraft:run_command",
        "command": "function aureliacitylights:odeszaapt02bathroomlightsoff"
      }
    },
    {
      "label": "All",
      "width": 75,
      "action": {
        "type": "minecraft:run_command",
        "command": "dialog show @p aureliacitylights:odeszaapt2lightcontrols"
      }
    },
    {
      "label": {
        "text": "On",
        "color": "green"
      },
      "action": {
        "type": "minecraft:run_command",
        "command": "function aureliacitylights:odeszaapt02alllightson"
      }
    },
    {
      "label": {
        "text": "Off",
        "color": "red"
      },
      "action": {
        "type": "minecraft:run_command",
        "command": "function aureliacitylights:odeszaapt02alllightsoff"
      }
    }
  ]
}