{
  "type": "minecraft:tree",
  "config": {
    "ignore_vines": true,
    "force_dirt": false,
    "minimum_size": {
      "type": "minecraft:two_layers_feature_size",
      "min_clipped_height": 4,
      "limit": 0,
      "lower_size": 0,
      "upper_size": 0
    },
    "dirt_provider": {
      "type": "minecraft:simple_state_provider",
      "state": {
        "Name": "minecraft:grass_block"
      }
    },
    "sapling_provider": {
      "type": "minecraft:simple_state_provider",
      "state": {
        "Name": "minecraft:oak_sapling",
        "Properties": {
          "stage": "0"
        }
      }
    },
    "trunk_provider": {
      "type": "minecraft:simple_state_provider",
      "state": {
        "Name": "minecraft:oak_log",
        "Properties": {
          "axis": "y"
        }
      }
    },
    "foliage_provider": {
      "type": "minecraft:weighted_state_provider",
      "entries": [
        {
          "weight": 9,
          "data": {
            "Name": "minecraft:azalea_leaves",
            "Properties": {
              "persistent": "false",
              "distance": "7"
            }
          }
        },
        {
          "weight": 1,
          "data": {
            "Name": "minecraft:air",
            "Properties": {
              "persistent": "false",
              "distance": "7"
            }
          }
        },
        {
          "weight": 3,
          "data": {
            "Name": "minecraft:flowering_azalea_leaves",
            "Properties": {
              "persistent": "false",
              "distance": "7"
            }
          }
        }
      ]
    },
    "trunk_placer": {
      "type": "minecraft:fancy_trunk_placer",
      "base_height": 7,
      "height_rand_a": 0,
      "height_rand_b": 2
    },
    "foliage_placer": {
      "type": "minecraft:cherry_foliage_placer",
      "corner_hole_chance": 1,
      "hanging_leaves_chance": 0.2,
      "hanging_leaves_extension_chance": 0.9,
      "height": 5,
      "offset": 2,
      "radius": 4,
      "wide_bottom_layer_hole_chance": 0.25
    },
    "decorators": [
      {
        "type": "minecraft:beehive",
        "probability": 0.06
      },
      {
      "type": "minecraft:attached_to_leaves",
      "block_provider": {
        "type": "minecraft:randomized_int_state_provider",
        "property": "age",
        "source": {
          "type": "minecraft:simple_state_provider",
          "state": {
            "Name": "minecraft:cave_vines",
            "Properties": {
              "age": "0",
              "hanging": "true",
              "stage": "0",
              "waterlogged": "false",
              "berries":"true"
            }
          }
        },
        "values": {
          "type": "minecraft:uniform",
          "max_inclusive": 4,
          "min_inclusive": 0
        }
      },
      "directions": [
        "down"
      ],
      "exclusion_radius_xz": 1,
      "exclusion_radius_y": 0,
      "probability": 0.9,
      "required_empty_blocks": 1
      }
    ]
  }
}