{
  "type": "minecraft:tree",
  "config": {
    "decorators": [
      {
        "type": "minecraft:beehive",
        "probability": 0.002
      },
      {
        "type": "minecraft:alter_ground",
        "provider": {
          "type": "minecraft:weighted_state_provider",
      "entries": [
        {
         "weight": 4,
         "data": {
            "Name": "minecraft:grass_block"
        }
      },
      {
        "weight": 1,
        "data": {
          "Name": "minecraft:coarse_dirt"
          }
        }
     ]
        }
      },
      {
        "type": "minecraft:place_on_ground",
        "block_state_provider": {
          "type": "minecraft:weighted_state_provider",
          "entries": [
            {
              "data": {
                "Name": "minecraft:leaf_litter",
                "Properties": {
                  "facing": "north",
                  "segment_amount": "1"
                }
              },
              "weight": 1
            },
            {
              "data": {
                "Name": "minecraft:leaf_litter",
                "Properties": {
                  "facing": "east",
                  "segment_amount": "1"
                }
              },
              "weight": 1
            },
            {
              "data": {
                "Name": "minecraft:leaf_litter",
                "Properties": {
                  "facing": "south",
                  "segment_amount": "1"
                }
              },
              "weight": 1
            },
            {
              "data": {
                "Name": "minecraft:leaf_litter",
                "Properties": {
                  "facing": "west",
                  "segment_amount": "1"
                }
              },
              "weight": 1
            },
            {
              "data": {
                "Name": "minecraft:leaf_litter",
                "Properties": {
                  "facing": "north",
                  "segment_amount": "2"
                }
              },
              "weight": 1
            },
            {
              "data": {
                "Name": "minecraft:leaf_litter",
                "Properties": {
                  "facing": "east",
                  "segment_amount": "2"
                }
              },
              "weight": 1
            },
            {
              "data": {
                "Name": "minecraft:leaf_litter",
                "Properties": {
                  "facing": "south",
                  "segment_amount": "2"
                }
              },
              "weight": 1
            },
            {
              "data": {
                "Name": "minecraft:leaf_litter",
                "Properties": {
                  "facing": "west",
                  "segment_amount": "2"
                }
              },
              "weight": 1
            },
            {
              "data": {
                "Name": "minecraft:leaf_litter",
                "Properties": {
                  "facing": "north",
                  "segment_amount": "3"
                }
              },
              "weight": 1
            },
            {
              "data": {
                "Name": "minecraft:leaf_litter",
                "Properties": {
                  "facing": "east",
                  "segment_amount": "3"
                }
              },
              "weight": 1
            },
            {
              "data": {
                "Name": "minecraft:leaf_litter",
                "Properties": {
                  "facing": "south",
                  "segment_amount": "3"
                }
              },
              "weight": 1
            },
            {
              "data": {
                "Name": "minecraft:leaf_litter",
                "Properties": {
                  "facing": "west",
                  "segment_amount": "3"
                }
              },
              "weight": 1
            }
          ]
        },
        "height": 2,
        "radius": 4,
        "tries": 96
      },
      {
        "type": "minecraft:place_on_ground",
        "block_state_provider": {
          "type": "minecraft:weighted_state_provider",
          "entries": [
            {
              "data": {
                "Name": "minecraft:leaf_litter",
                "Properties": {
                  "facing": "north",
                  "segment_amount": "1"
                }
              },
              "weight": 1
            },
            {
              "data": {
                "Name": "minecraft:leaf_litter",
                "Properties": {
                  "facing": "east",
                  "segment_amount": "1"
                }
              },
              "weight": 1
            },
            {
              "data": {
                "Name": "minecraft:leaf_litter",
                "Properties": {
                  "facing": "south",
                  "segment_amount": "1"
                }
              },
              "weight": 1
            },
            {
              "data": {
                "Name": "minecraft:leaf_litter",
                "Properties": {
                  "facing": "west",
                  "segment_amount": "1"
                }
              },
              "weight": 1
            },
            {
              "data": {
                "Name": "minecraft:leaf_litter",
                "Properties": {
                  "facing": "north",
                  "segment_amount": "2"
                }
              },
              "weight": 1
            },
            {
              "data": {
                "Name": "minecraft:leaf_litter",
                "Properties": {
                  "facing": "east",
                  "segment_amount": "2"
                }
              },
              "weight": 1
            },
            {
              "data": {
                "Name": "minecraft:leaf_litter",
                "Properties": {
                  "facing": "south",
                  "segment_amount": "2"
                }
              },
              "weight": 1
            },
            {
              "data": {
                "Name": "minecraft:leaf_litter",
                "Properties": {
                  "facing": "west",
                  "segment_amount": "2"
                }
              },
              "weight": 1
            },
            {
              "data": {
                "Name": "minecraft:leaf_litter",
                "Properties": {
                  "facing": "north",
                  "segment_amount": "3"
                }
              },
              "weight": 1
            },
            {
              "data": {
                "Name": "minecraft:leaf_litter",
                "Properties": {
                  "facing": "east",
                  "segment_amount": "3"
                }
              },
              "weight": 1
            },
            {
              "data": {
                "Name": "minecraft:leaf_litter",
                "Properties": {
                  "facing": "south",
                  "segment_amount": "3"
                }
              },
              "weight": 1
            },
            {
              "data": {
                "Name": "minecraft:leaf_litter",
                "Properties": {
                  "facing": "west",
                  "segment_amount": "3"
                }
              },
              "weight": 1
            },
            {
              "data": {
                "Name": "minecraft:leaf_litter",
                "Properties": {
                  "facing": "north",
                  "segment_amount": "4"
                }
              },
              "weight": 1
            },
            {
              "data": {
                "Name": "minecraft:leaf_litter",
                "Properties": {
                  "facing": "east",
                  "segment_amount": "4"
                }
              },
              "weight": 1
            },
            {
              "data": {
                "Name": "minecraft:leaf_litter",
                "Properties": {
                  "facing": "south",
                  "segment_amount": "4"
                }
              },
              "weight": 1
            },
            {
              "data": {
                "Name": "minecraft:leaf_litter",
                "Properties": {
                  "facing": "west",
                  "segment_amount": "4"
                }
              },
              "weight": 1
            }
          ]
        },
        "height": 2,
        "radius": 2,
        "tries": 150
      }
          ],
          "dirt_provider": {
            "type": "minecraft:simple_state_provider",
            "state": {
              "Name": "minecraft:dirt"
            }
          },
          "foliage_placer": {
            "type": "minecraft:cherry_foliage_placer",
            "corner_hole_chance": 1,
            "hanging_leaves_chance": 0.4,
            "hanging_leaves_extension_chance": 0.1,
            "height": 4,
            "offset": 2,
            "radius": 4,
            "wide_bottom_layer_hole_chance": 0.25
          },
          "foliage_provider": {
            "type": "minecraft:weighted_state_provider", 
            "entries": [
              {
               "weight": 3,
               "data": {
                  "Name": "minecraft:birch_leaves"
              }
            },
            {
              "weight": 1,
              "data": {
                "Name": "minecraft:air"
                }
              }
           ]
          },
          "force_dirt": false,
          "ignore_vines": true,
          "minimum_size": {
            "type": "minecraft:two_layers_feature_size",
            "limit": 0,
            "lower_size": 0,
            "upper_size": 0
          },
          "sapling_provider": {
            "type": "minecraft:simple_state_provider",
            "state": {
              "Name": "minecraft:birch_sapling",
              "Properties": {
                "stage": "0"
              }
            }
          },
          "trunk_placer": {
            "type": "minecraft:fancy_trunk_placer",
            "base_height": 8,
            "height_rand_a": 1,
            "height_rand_b": 3
          },
          "trunk_provider": {
            "type": "minecraft:simple_state_provider",
            "state": {
              "Name": "minecraft:birch_log",
              "Properties": {
                "axis": "y"
              }
            }
          }
        }
      }