{
  "type": "minecraft:tree",
  "config": {
    "decorators": [
      {
        "type": "minecraft:alter_ground",
        "provider": {
          "type": "minecraft:weighted_state_provider",
      "entries": [
        {
         "weight": 4,
         "data": {
            "Name": "minecraft:grass_block"
        }
      },
      {
        "weight": 1,
        "data": {
          "Name": "minecraft:podzol"
          }
        }
     ]
        }
      },
            {
      "type": "minecraft:attached_to_leaves",
      "block_provider": {
        "type": "minecraft:randomized_int_state_provider",
        "property": "age",
        "source": {
          "type": "minecraft:simple_state_provider",
          "state": {
            "Name": "minecraft:spruce_leaves",
            "Properties": {
              "hanging": "true",
              "waterlogged": "false"
            }
          }
        },
        "values": {
          "type": "minecraft:uniform",
          "max_inclusive": 4,
          "min_inclusive": 0
        }
      },
      "directions": [
        "down"
      ],
      "exclusion_radius_xz": 1,
      "exclusion_radius_y": 1,
      "probability": 0.9,
      "required_empty_blocks": 3
      }
    ],
    "dirt_provider": {
      "type": "minecraft:simple_state_provider",
      "state": {
        "Name": "minecraft:dirt"
      }
    },
    "foliage_placer": {
      "type": "minecraft:mega_pine_foliage_placer",
      "crown_height": {
        "type": "minecraft:uniform",
        "max_inclusive": 20,
        "min_inclusive": 20
      },
      "offset": 3,
      "radius": {
        "type": "minecraft:uniform",
        "max_inclusive": 1,
        "min_inclusive": 1
      }
    },
    "foliage_provider": {
      "type": "minecraft:simple_state_provider",
      "state": {
        "Name": "minecraft:spruce_leaves",
        "Properties": {
          "distance": "7",
          "persistent": "false",
          "waterlogged": "false"
        }
      }
    },
    "force_dirt": false,
    "ignore_vines": false,
    "minimum_size": {
      "type": "minecraft:two_layers_feature_size",
      "limit": 1,
      "lower_size": 1,
      "upper_size": 2
    },
    "trunk_placer": {
      "type": "minecraft:giant_trunk_placer",
      "base_height": 24,
      "height_rand_a": 1,
      "height_rand_b": 2
    },
    "trunk_provider": {
      "type": "minecraft:simple_state_provider",
      "state": {
        "Name": "minecraft:spruce_log",
        "Properties": {
          "axis": "y"
        }
      }
    }
  }
}