{
  "type": "minecraft:tree",
  "config": {
    "ignore_vines": true,
    "force_dirt": false,
    "minimum_size": {
      "type": "minecraft:two_layers_feature_size",
      "limit": 0,
      "lower_size": 0,
      "upper_size": 0
    },
    "dirt_provider": {
      "type": "minecraft:simple_state_provider",
      "state": {
        "Name": "minecraft:grass_block"
      }
    },
    "sapling_provider": {
      "type": "minecraft:simple_state_provider",
      "state": {
        "Name": "minecraft:oak_sapling",
        "Properties": {
          "stage": "0"
        }
      }
    },
    "trunk_provider": {
      "type": "minecraft:simple_state_provider",
      "state": {
        "Name": "minecraft:oak_log",
        "Properties": {
          "axis": "y"
        }
      }
    },
    "foliage_provider": {
      "type": "minecraft:simple_state_provider",
      "state": {
        "Name": "minecraft:oak_leaves",
        "Properties": {
          "persistent": "false",
          "distance": "5"
        }
      }
    },
    "trunk_placer": {
      "type": "minecraft:fancy_trunk_placer",
      "base_height": 9,
      "height_rand_a": 1,
      "height_rand_b": 2
    },
    "foliage_placer": {
      "type": "minecraft:cherry_foliage_placer",
      "corner_hole_chance": 1,
      "hanging_leaves_chance": 0.2,
      "hanging_leaves_extension_chance": 0.1,
      "height": 4,
      "offset": 2,
      "radius": 3,
      "wide_bottom_layer_hole_chance": 0.25
    },
    "decorators": [
      {
        "type": "minecraft:beehive",
        "probability": 0.010
      }
    ]
  }
}