{
  "type": "minecraft:tree",
  "config": {
    "decorators": [
      {
        "type": "minecraft:pale_moss",
        "ground_probability": 0.8,
        "leaves_probability": 0.15,
        "trunk_probability": 0.4
      },
      {
        "type": "minecraft:creaking_heart",
        "probability": 1.0
      },
            {
      "type": "minecraft:attached_to_leaves",
      "block_provider": {
        "type": "minecraft:randomized_int_state_provider",
        "property": "age",
        "source": {
          "type": "minecraft:simple_state_provider",
          "state": {
            "Name": "minecraft:pale_oak_leaves",
            "Properties": {
              "hanging": "true",
              "waterlogged": "false"
            }
          }
        },
        "values": {
          "type": "minecraft:uniform",
          "max_inclusive": 4,
          "min_inclusive": 0
        }
      },
      "directions": [
        "down"
      ],
      "exclusion_radius_xz": 1,
      "exclusion_radius_y": 1,
      "probability": 0.9,
      "required_empty_blocks": 3
      }
  
    ],
    "dirt_provider": {
      "type": "minecraft:simple_state_provider",
      "state": {
        "Name": "minecraft:pale_moss_block"
      }
    },
    "foliage_placer": {
      "type": "minecraft:mega_pine_foliage_placer",
      "crown_height": {
        "type": "minecraft:uniform",
        "max_inclusive": 14,
        "min_inclusive": 14
      },
      "offset": 2,
      "radius": {
        "type": "minecraft:uniform",
        "max_inclusive": 1,
        "min_inclusive": 1
      }
    },
    "foliage_provider": {
      "type": "minecraft:simple_state_provider",
      "state": {
        "Name": "minecraft:pale_oak_leaves",
        "Properties": {
          "distance": "7",
          "persistent": "false",
          "waterlogged": "false"
        }
      }
    },
    "force_dirt": false,
    "ignore_vines": false,
    "minimum_size": {
      "type": "minecraft:two_layers_feature_size",
      "limit": 1,
      "lower_size": 1,
      "upper_size": 2
    },
    "trunk_placer": {
      "type": "minecraft:giant_trunk_placer",
      "base_height": 18,
      "height_rand_a": 1,
      "height_rand_b": 3
    },
   "trunk_provider": {
      "type": "minecraft:weighted_state_provider",
      "entries": [
        {
          "weight": 64,
          "data": {
            "Name": "minecraft:pale_oak_log"
          }
        },
        {
          "weight": 1,
          "data": {
            "Name": "minecraft:creaking_heart"

          }
        }
      ]
    }
  }
}