{
  "type": "minecraft:tree",
  "config": {
    "decorators": [
      {
        "type": "minecraft:alter_ground",
        "provider": {
          "type": "minecraft:weighted_state_provider",
      "entries": [
        {
         "weight": 4,
         "data": {
            "Name": "minecraft:grass_block"
        }
      },
      {
        "weight": 1,
        "data": {
          "Name": "minecraft:podzol"
          }
        }
     ]
        }
      }
    ],
    "dirt_provider": {
      "type": "minecraft:simple_state_provider",
      "state": {
        "Name": "minecraft:dirt"
      }
    },
    "foliage_placer": {
      "type": "minecraft:spruce_foliage_placer",
      "offset": {
        "type": "minecraft:uniform",
        "max_inclusive": 2,
        "min_inclusive": 0
      },
      "radius": {
        "type": "minecraft:uniform",
        "max_inclusive": 3,
        "min_inclusive": 2
      },
      "trunk_height": {
        "type": "minecraft:uniform",
        "max_inclusive": 2,
        "min_inclusive": 1
      }
    },
    "foliage_provider": {
      "type": "minecraft:weighted_state_provider",
      "entries": [
        {
         "weight": 8,
         "data": {
            "Name": "minecraft:spruce_leaves"
        }
      },

        {
         "weight": 1,
         "data": {
            "Name": "minecraft:birch_leaves"
        }
      }
     ]
    },
    "force_dirt": false,
    "ignore_vines": true,
    "minimum_size": {
      "type": "minecraft:two_layers_feature_size",
      "limit": 2,
      "lower_size": 0,
      "upper_size": 2
    },
    "trunk_placer": {
      "type": "minecraft:straight_trunk_placer",
      "base_height": 10,
      "height_rand_a": 1,
      "height_rand_b": 4
    },
    "trunk_provider": {
      "type": "minecraft:simple_state_provider",
      "state": {
        "Name": "minecraft:spruce_log",
        "Properties": {
          "axis": "y"
        }
      }
    }
  }
}