{
  "type": "minecraft:multi_action",
  "title": "CreateSpace Control Module",
  "body": {
    "type": "minecraft:plain_message",
    "contents": {
      "text": "Maybe designing all my tech solutions was a good decision in the end.\" - EBMOfficial \n \n Music, lights as well as lockdown mode functionalities can all be controlled through this menu.",
      "color": "green"
    },
    "width": 500
  },
  "can_close_with_escape": true,
  "exit_action": {
    "label": {
      "text": "Exit Music Control",
      "color": "red"
    }
  },
  "columns": 1,
  "actions": [
    {
      "label": "Light Controls",
      "action": {
        "type": "minecraft:show_dialog",
        "dialog": {
          "type": "minecraft:multi_action",
          "title": "Light Controls",
          "can_close_with_escape": true,
          "actions": [
            {
              "label": {
                "text": "On",
                "color": "green"
              },
              "width": 50,
              "action": {
                "type": "minecraft:run_command",
                "command": "function ebmhousetech:createspacelightson"
              }
            },
            {
              "label": {
                "text": "Off",
                "color": "red"
              },
              "width": 50,
              "action": {
                "type": "minecraft:run_command",
                "command": "function ebmhousetech:createspacelightsoff"
              }
            },
            {
              "label": {
                "text": "Green",
                "color": "green"
              },
              "width": 50,
              "action": {
                "type": "minecraft:run_command",
                "command": "function ebmhousetech:createspacelightscolor {color:green}"
              }
            },
            {
              "label": {
                "text": "Lime",
                "color": "#80EF80"
              },
              "width": 50,
              "action": {
                "type": "minecraft:run_command",
                "command": "function ebmhousetech:createspacelightscolor {color:lime}"
              }
            },
            {
              "label": {
                "text": "Red",
                "color": "dark_red"
              },
              "width": 50,
              "action": {
                "type": "minecraft:run_command",
                "command": "function ebmhousetech:createspacelightscolor {color:red}"
              }
            },
            {
              "label": {
                "text": "Blue",
                "color": "blue"
              },
              "width": 50,
              "action": {
                "type": "minecraft:run_command",
                "command": "function ebmhousetech:createspacelightscolor {color:blue}"
              }
            },
            {
              "label": {
                "text": "Light Blue",
                "color": "#82CAFF",
                "shadow_color": 0
              },
              "width": 50,
              "action": {
                "type": "minecraft:run_command",
                "command": "function ebmhousetech:createspacelightscolor {color:light_blue}"
              }
            },
            {
              "label": {
                "text": "Magenta",
                "color": "#FF00FF"
              },
              "width": 50,
              "action": {
                "type": "minecraft:run_command",
                "command": "function ebmhousetech:createspacelightscolor {color:magenta}"
              }
            },
            {
              "label": {
                "text": "Pink",
                "color": "#FF69B4"
              },
              "width": 50,
              "action": {
                "type": "minecraft:run_command",
                "command": "function ebmhousetech:createspacelightscolor {color:pink}"
              }
            },
            {
              "label": {
                "text": "White"
              },
              "width": 50,
              "action": {
                "type": "minecraft:run_command",
                "command": "function ebmhousetech:createspacelightscolor {color:white}"
              }
            },
            {
              "label": {
                "text": "Purple",
                "color": "#9D00FF"
              },
              "width": 50,
              "action": {
                "type": "minecraft:run_command",
                "command": "function ebmhousetech:createspacelightscolor {color:purple}"
              }
            },
            {
              "label": {
                "text": "Orange",
                "color": "#FF5C00"
              },
              "width": 50,
              "action": {
                "type": "minecraft:run_command",
                "command": "function ebmhousetech:createspacelightscolor {color:orange}"
              }
            },
            {
              "label": {
                "text": "Yellow",
                "color": "yellow"
              },
              "width": 50,
              "action": {
                "type": "minecraft:run_command",
                "command": "function ebmhousetech:createspacelightscolor {color:yellow}"
              }
            },
            {
              "label": {
                "text": "Cyan",
                "color": "aqua"
              },
              "width": 50,
              "action": {
                "type": "minecraft:run_command",
                "command": "function ebmhousetech:createspacelightscolor {color:cyan}"
              }
            }
          ]
        }
      }
    },
    {
      "label": "Music Controls",
      "action": {
        "type": "minecraft:show_dialog",
        "dialog": {
          "type": "minecraft:multi_action",
          "title": "Music Controls",
          "body": {
            "type": "minecraft:plain_message",
            "contents": {
              "text": "In the mood to jam out? EBM Industries has you covered with it's state-of-the-art Aura music system!",
              "color": "green"
            }
          },
          "inputs": [
            {
              "type": "minecraft:number_range",
              "key": "volmax",
              "label": "Volume",
              "start": 0.1,
              "end": 5,
              "step": 0.1,
              "initial": 0.1
            },
            {
              "type": "minecraft:number_range",
              "key": "pitch",
              "label": "Pitch",
              "start": 0.5,
              "end": 2,
              "step": 0.1,
              "initial": 1
            }
          ],
          "can_close_with_escape": true,
          "exit_action": {
            "label": {
              "text": "Exit Music Control",
              "color": "red"
            },
            "action": {
              "type": "minecraft:run_command",
              "command": "dialog show @p ebmhousetech:createspacecontrols"
            }
          },
          "columns": 2,
          "actions": [
            {
              "label": {
                "text": "Stop Player",
                "color": "red"
              },
              "width": 200,
              "action": {
                "type": "minecraft:run_command",
                "command": "function ebmhousetech:ebmsystemstopplayer"
              }
            },
            {
              "label": "The Weeknd - Timeless (ft. Playboi Carti)",
              "width": 200,
              "action": {
                "type": "minecraft:dynamic/run_command",
                "template": "function ebmhousetech:ebmsystem {song:theweekndplayboicartitimelessfeatplayboicarti,volmax: $(volmax),pitch: $(pitch),volmin:0.1}"
              }
            },
            {
              "label": "The Weeknd - The Hills",
              "width": 200,
              "action": {
                "type": "minecraft:dynamic/run_command",
                "template": "function ebmhousetech:ebmsystem {song:theweekndthehills,volmax: $(volmax),pitch: $(pitch),volmin:0.1}"
              }
            },
            {
              "label": "The Weeknd - Save Your Tears (Remix) (ft. Ariana Grande)",
              "width": 200,
              "action": {
                "type": "minecraft:dynamic/run_command",
                "template": "function ebmhousetech:ebmsystem {song:theweekndarianagrandesaveyourtearswitharianagranderemix,volmax: $(volmax),pitch: $(pitch),volmin:0.1}"
              }
            },
            {
              "label": "The Weeknd - Take My Breath",
              "width": 200,
              "action": {
                "type": "minecraft:dynamic/run_command",
                "template": "function ebmhousetech:ebmsystem {song:theweekndtakemybreath,volmax: $(volmax),pitch: $(pitch),volmin:0.1}"
              }
            },
            {
              "label": "The Weeknd - São Paulo (ft. Anitta)",
              "width": 200,
              "action": {
                "type": "minecraft:dynamic/run_command",
                "template": "function ebmhousetech:ebmsystem {song:theweekndanittasopaulofeatanitta,volmax: $(volmax),pitch: $(pitch),volmin:0.1}"
              }
            },
            {
              "label": "J. Cole - m y . l i f e (ft. 21 Savage, Morray)",
              "width": 200,
              "action": {
                "type": "minecraft:dynamic/run_command",
                "template": "function ebmhousetech:ebmsystem {song:jcoletwoonesavagemorraymylifewithtwoonesavagemorray,volmax: $(volmax),pitch: $(pitch),volmin:0.1}"
              }
            },
            {
              "label": "J. Cole - No Role Modelz",
              "width": 200,
              "action": {
                "type": "minecraft:dynamic/run_command",
                "template": "function ebmhousetech:ebmsystem {song:jcolenorolemodelz,volmax: $(volmax),pitch: $(pitch),volmin:0.1}"
              }
            },
            {
              "label": "21 Savage - A Lot (ft. J. Cole)",
              "width": 200,
              "action": {
                "type": "minecraft:dynamic/run_command",
                "template": "function ebmhousetech:ebmsystem {song:twoonesavagealot,volmax: $(volmax),pitch: $(pitch),volmin:0.1}"
              }
            },
            {
              "label": "Kendrick Lamar - luther (ft. sza)",
              "width": 200,
              "action": {
                "type": "minecraft:dynamic/run_command",
                "template": "function ebmhousetech:ebmsystem {song:kendricklamarszalutherwithsza,volmax: $(volmax),pitch: $(pitch),volmin:0.1}"
              }
            },
            {
              "label": "Kendrick Lamar - DNA",
              "width": 200,
              "action": {
                "type": "minecraft:dynamic/run_command",
                "template": "function ebmhousetech:ebmsystem {song:kendricklamardna,volmax: $(volmax),pitch: $(pitch),volmin:0.1}"
              }
            },
            {
              "label": "Travis Scott - FRANCHISE (ft. Young Thug, M.I.A.)",
              "width": 200,
              "action": {
                "type": "minecraft:dynamic/run_command",
                "template": "function ebmhousetech:ebmsystem {song:travisscottfranchisewithoutmia,volmax: $(volmax),pitch: $(pitch),volmin:0.1}"
              }
            },
            {
              "label": "Westside Connection - Bow Down",
              "width": 200,
              "action": {
                "type": "minecraft:dynamic/run_command",
                "template": "function ebmhousetech:ebmsystem {song:westsideconnectionbowdown,volmax: $(volmax),pitch: $(pitch),volmin:0.1}"
              }
            },
            {
              "label": "Sabrina Carpenter - Espresso",
              "width": 200,
              "action": {
                "type": "minecraft:dynamic/run_command",
                "template": "function ebmhousetech:ebmsystem2 {song:sabrinacarpenterespresso,volmax: $(volmax),pitch: $(pitch),volmin:0.1}"
              }
            },
            {
              "label": "Dua Lipa - Don't Start Now",
              "width": 200,
              "action": {
                "type": "minecraft:dynamic/run_command",
                "template": "function ebmhousetech:ebmsystem2 {song:dualipadontstartnow,volmax: $(volmax),pitch: $(pitch),volmin:0.1}"
              }
            },
            {
              "label": "Chief Keef - Love Sosa",
              "width": 200,
              "action": {
                "type": "minecraft:dynamic/run_command",
                "template": "function ebmhousetech:ebmsystem2 {song:chiefkeeflovesosa,volmax: $(volmax),pitch: $(pitch),volmin:0.1}"
              }
            },
            {
              "label": "King Von - Took Her To The O",
              "width": 200,
              "action": {
                "type": "minecraft:dynamic/run_command",
                "template": "function ebmhousetech:ebmsystem2 {song:kingvontookhertotheo,volmax: $(volmax),pitch: $(pitch),volmin:0.1}"
              }
            },
            {
              "label": "Taylor Swift - Style (Taylor's Version)",
              "width": 200,
              "action": {
                "type": "minecraft:dynamic/run_command",
                "template": "function ebmhousetech:ebmsystem2 {song:taylorswiftstyletaylorsversion,volmax: $(volmax),pitch: $(pitch),volmin:0.1}"
              }
            },
            {
              "label": "Dua Lipa - Dance The Night",
              "width": 200,
              "action": {
                "type": "minecraft:dynamic/run_command",
                "template": "function ebmhousetech:ebmsystem2 {song:dualipadancethenight,volmax: $(volmax),pitch: $(pitch),volmin:0.1}"
              }
            },
            {
              "label": "Yeat - If We Being Rëal",
              "width": 200,
              "action": {
                "type": "minecraft:dynamic/run_command",
                "template": "function ebmhousetech:ebmsystem2 {song:yeatifwebeingreal,volmax: $(volmax),pitch: $(pitch),volmin:0.1}"
              }
            },
            {
              "label": "Katy Perry - Teenage Dream",
              "width": 200,
              "action": {
                "type": "minecraft:dynamic/run_command",
                "template": "function ebmhousetech:ebmsystem2 {song:katyperryteenagedream,volmax: $(volmax),pitch: $(pitch),volmin:0.1}"
              }
            },
            {
              "label": "Roddy Ricch - The Box",
              "width": 200,
              "action": {
                "type": "minecraft:dynamic/run_command",
                "template": "function ebmhousetech:ebmsystem2 {song:roddyricchthebox,volmax: $(volmax),pitch: $(pitch),volmin:0.1}"
              }
            },
            {
              "label": "King Von - Crazy Story (Remix) (ft. Lil Durk)",
              "width": 200,
              "action": {
                "type": "minecraft:dynamic/run_command",
                "template": "function ebmhousetech:ebmsystem2 {song:kingvonlildurkcrazystorytwo,volmax: $(volmax),pitch: $(pitch),volmin:0.1}"
              }
            },
            {
              "label": "Dua Lipa - Training Season",
              "width": 200,
              "action": {
                "type": "minecraft:dynamic/run_command",
                "template": "function ebmhousetech:ebmsystem2 {song:dualipatrainingseason,volmax: $(volmax),pitch: $(pitch),volmin:0.1}"
              }
            },
            {
              "label": "King Von - All These N****s (ft. Lil Durk)",
              "width": 200,
              "action": {
                "type": "minecraft:dynamic/run_command",
                "template": "function ebmhousetech:ebmsystem2 {song:kingvonlildurkalltheseniggas,volmax: $(volmax),pitch: $(pitch),volmin:0.1}"
              }
            },
            {
              "label": "Ariana Grande - bloodline",
              "width": 200,
              "action": {
                "type": "minecraft:dynamic/run_command",
                "template": "function ebmhousetech:ebmsystem2 {song:arianagrandebloodline,volmax: $(volmax),pitch: $(pitch),volmin:0.1}"
              }
            },
            {
              "label": "Dua Lipa - Levitating",
              "width": 200,
              "action": {
                "type": "minecraft:dynamic/run_command",
                "template": "function ebmhousetech:ebmsystem2 {song:dualipalevitating,volmax: $(volmax),pitch: $(pitch),volmin:0.1}"
              }
            },
            {
              "label": "Lil Durk - All My Life (ft. J. Cole)",
              "width": 200,
              "action": {
                "type": "minecraft:dynamic/run_command",
                "template": "function ebmhousetech:ebmsystem2 {song:lildurkjcoleallmylife,volmax: $(volmax),pitch: $(pitch),volmin:0.1}"
              }
            },
            {
              "label": "Taylor Swift - All You Had To Do Was Stay (Taylor's Version)",
              "width": 200,
              "action": {
                "type": "minecraft:dynamic/run_command",
                "template": "function ebmhousetech:ebmsystem2 {song:taylorswiftallyouhadtodowasstaytaylorsversion,volmax: $(volmax),pitch: $(pitch),volmin:0.1}"
              }
            },
            {
              "label": "Taylor Swift - Clean (Taylor's Version)",
              "width": 200,
              "action": {
                "type": "minecraft:dynamic/run_command",
                "template": "function ebmhousetech:ebmsystem2 {song:taylorswiftcleantaylorsversion,volmax: $(volmax),pitch: $(pitch),volmin:0.1}"
              }
            },
            {
              "label": "Dua Lipa - Love Again",
              "width": 200,
              "action": {
                "type": "minecraft:dynamic/run_command",
                "template": "function ebmhousetech:ebmsystem2 {song:dualipaloveagain,volmax: $(volmax),pitch: $(pitch),volmin:0.1}"
              }
            },
            {
              "label": "King Von - When I Die",
              "width": 200,
              "action": {
                "type": "minecraft:dynamic/run_command",
                "template": "function ebmhousetech:ebmsystem2 {song:kingvonwhenidie,volmax: $(volmax),pitch: $(pitch),volmin:0.1}"
              }
            },
            {
              "label": "King Von, Lil Durk - Still Trappin'",
              "width": 200,
              "action": {
                "type": "minecraft:dynamic/run_command",
                "template": "function ebmhousetech:ebmsystem2 {song:kingvonlildurkstilltrappin,volmax: $(volmax),pitch: $(pitch),volmin:0.1}"
              }
            },
            {
              "label": "King Von, Lil Durk - Evil Twins",
              "width": 200,
              "action": {
                "type": "minecraft:dynamic/run_command",
                "template": "function ebmhousetech:ebmsystem2 {song:kingvonlildurkeviltwins,volmax: $(volmax),pitch: $(pitch),volmin:0.1}"
              }
            },
            {
              "label": "Lil Durk - Kukuman",
              "width": 200,
              "action": {
                "type": "minecraft:dynamic/run_command",
                "template": "function ebmhousetech:ebmsystem2 {song:lildurkkukuman,volmax: $(volmax),pitch: $(pitch),volmin:0.1}"
              }
            }
          ]
        }
      }
    },
    {
      "label": "Lockdown Mode Toggle",
      "action": {
        "type": "minecraft:show_dialog",
        "dialog": {
          "type": "minecraft:multi_action",
          "title": "Lockdown Mode Toggle",
          "can_close_with_escape": true,
          "columns": 1,
          "actions": [
            {
              "label": {
                "text": "Lock",
                "color": "red"
              },
              "width": 50,
              "action": {
                "type": "minecraft:run_command",
                "command": "function ebmhousetech:createspacelock"
              }
            },
            {
              "label": {
                "text": "Unlock",
                "color": "green"
              },
              "width": 50,
              "action": {
                "type": "minecraft:run_command",
                "command": "function ebmhousetech:createspaceunlock"
              }
            }
          ]
        }
      }
    }
  ]
}