{
  "type": "minecraft:multi_action",
  "title": "Kitchen Controls",
  "exit_action": {
    "label": {
      "text": "Exit Kitchen Control",
      "color": "red"
    }
  },
  "actions": [
    {
      "label": {
        "text": "Open",
        "color": "green"
      },
      "width": 50,
      "action": {
        "type": "minecraft:run_command",
        "command": "function ebmhousetech:sidedooropen"
      }
    },
    {
      "label": {
        "text": "Close",
        "color": "red"
      },
      "width": 50,
      "action": {
        "type": "minecraft:run_command",
        "command": "function ebmhousetech:sidedoorclose"
      }
    }
  ]
}